dt,board,state,action,price,nav,expressed,bull,bear,mixed,bull_frac,trigger,trigger_short,gaps
2026-01-05 09:30:00+08:00,swing,F,hold,3986.972,1.0,9,6,3,0,0.6667,False,False,0
2026-01-05 11:00:00+08:00,swing,F,hold,4005.239,1.0,9,6,3,0,0.6667,False,False,0
2026-01-05 14:30:00+08:00,swing,L,buy,4022.828,1.0,10,7,3,0,0.7,True,False,0
2026-01-06 09:30:00+08:00,swing,L,hold,4026.016,1.000792,10,8,2,0,0.8,True,False,0
2026-01-06 11:00:00+08:00,swing,L,hold,4060.867,1.009456,10,8,2,0,0.8,True,False,0
2026-01-06 14:30:00+08:00,swing,L,hold,4079.267,1.01403,10,9,1,1,0.9,True,False,0
2026-01-07 09:30:00+08:00,swing,L,hold,4083.843,1.015167,13,12,1,0,0.9231,True,False,0
2026-01-07 11:00:00+08:00,swing,L,hold,4088.37,1.016293,13,12,1,0,0.9231,True,False,0
2026-01-07 14:30:00+08:00,swing,L,hold,4084.895,1.015429,12,12,0,1,1.0,True,False,0
2026-01-08 09:30:00+08:00,swing,L,hold,4077.715,1.013644,12,12,0,1,1.0,True,False,0
2026-01-08 11:00:00+08:00,swing,L,hold,4093.5,1.017568,12,12,0,1,1.0,True,False,0
2026-01-08 14:30:00+08:00,swing,L,hold,4078.59,1.013861,12,12,0,1,1.0,True,False,0
2026-01-09 09:30:00+08:00,swing,L,hold,4086.762,1.015893,11,9,2,1,0.8182,True,False,0
2026-01-09 11:00:00+08:00,swing,L,hold,4114.198,1.022713,10,8,2,2,0.8,True,False,0
2026-01-09 14:30:00+08:00,swing,L,hold,4113.294,1.022488,10,7,3,2,0.7,True,False,0
2026-01-12 09:30:00+08:00,swing,L,hold,4134.893,1.027857,12,10,2,2,0.8333,True,False,0
2026-01-12 11:00:00+08:00,swing,L,hold,4136.1,1.028157,12,10,2,2,0.8333,True,False,0
2026-01-12 14:30:00+08:00,swing,L,hold,4167.644,1.035999,14,10,4,0,0.7143,True,False,0
2026-01-13 09:30:00+08:00,swing,F,sell,4169.704,1.036511,12,8,4,0,0.6667,False,False,0
2026-01-13 11:00:00+08:00,swing,F,hold,4164.898,1.036511,12,8,4,0,0.6667,False,False,0
2026-01-13 14:30:00+08:00,swing,L,buy,4144.342,1.036511,12,9,3,0,0.75,True,False,0
2026-01-14 09:30:00+08:00,swing,L,hold,4138.645,1.035086,11,10,1,0,0.9091,True,False,0
2026-01-14 11:00:00+08:00,swing,L,hold,4179.874,1.045397,11,9,2,0,0.8182,True,False,0
2026-01-14 14:30:00+08:00,swing,L,hold,4137.396,1.034773,11,8,3,0,0.7273,True,False,0
2026-01-15 09:30:00+08:00,swing,F,sell,4106.224,1.026977,10,6,4,1,0.6,False,False,0
2026-01-15 11:00:00+08:00,swing,F,hold,4108.955,1.026977,10,6,4,1,0.6,False,False,0
2026-01-15 14:30:00+08:00,swing,F,hold,4106.495,1.026977,10,6,4,1,0.6,False,False,0
2026-01-16 09:30:00+08:00,swing,F,hold,4127.063,1.026977,12,8,4,1,0.6667,False,False,0
2026-01-16 11:00:00+08:00,swing,L,buy,4111.251,1.026977,13,9,4,0,0.6923,True,False,0
2026-01-16 14:30:00+08:00,swing,F,sell,4104.195,1.025215,14,7,7,0,0.5,False,False,0
2026-01-19 09:30:00+08:00,swing,F,hold,4090.718,1.025215,10,5,5,2,0.5,False,False,0
2026-01-19 11:00:00+08:00,swing,F,hold,4110.795,1.025215,10,4,6,2,0.4,False,False,0
2026-01-19 14:30:00+08:00,swing,F,hold,4112.119,1.025215,10,5,5,2,0.5,False,False,0
2026-01-20 09:30:00+08:00,swing,F,hold,4116.366,1.025215,10,6,4,1,0.6,False,False,0
2026-01-20 11:00:00+08:00,swing,F,hold,4099.124,1.025215,10,6,4,1,0.6,False,False,0
2026-01-20 14:30:00+08:00,swing,F,hold,4104.784,1.025215,10,6,4,1,0.6,False,False,0
2026-01-21 09:30:00+08:00,swing,F,hold,4103.529,1.025215,14,9,5,0,0.6429,False,False,0
2026-01-21 11:00:00+08:00,swing,L,buy,4126.599,1.025215,14,10,4,0,0.7143,True,False,0
2026-01-21 14:30:00+08:00,swing,F,sell,4114.052,1.022097,14,9,5,0,0.6429,False,False,0
2026-01-22 09:30:00+08:00,swing,F,hold,4126.072,1.022097,13,8,5,0,0.6154,False,False,0
2026-01-22 11:00:00+08:00,swing,F,hold,4123.918,1.022097,13,8,5,0,0.6154,False,False,0
2026-01-22 14:30:00+08:00,swing,F,hold,4122.765,1.022097,13,8,5,0,0.6154,False,False,0
2026-01-23 09:30:00+08:00,swing,F,hold,4130.108,1.022097,13,7,6,0,0.5385,False,False,0
2026-01-23 11:00:00+08:00,swing,F,hold,4134.411,1.022097,13,7,6,0,0.5385,False,False,0
2026-01-23 14:30:00+08:00,swing,F,hold,4136.542,1.022097,13,7,6,0,0.5385,False,False,0
2026-01-26 09:30:00+08:00,swing,L,buy,4144.778,1.022097,10,8,2,0,0.8,True,False,0
2026-01-26 11:00:00+08:00,swing,L,hold,4127.838,1.01792,10,8,2,0,0.8,True,False,0
2026-01-26 14:30:00+08:00,swing,F,sell,4141.281,1.021235,11,7,4,0,0.6364,False,False,0
2026-01-27 09:30:00+08:00,swing,F,hold,4125.216,1.021235,13,7,6,0,0.5385,False,False,0
2026-01-27 11:00:00+08:00,swing,F,hold,4136.99,1.021235,13,7,6,0,0.5385,False,False,0
2026-01-27 14:30:00+08:00,swing,F,hold,4148.279,1.021235,13,7,6,0,0.5385,False,False,0
2026-01-28 09:30:00+08:00,swing,F,hold,4150.215,1.021235,14,8,6,0,0.5714,False,False,0
2026-01-28 11:00:00+08:00,swing,F,hold,4141.727,1.021235,14,8,6,0,0.5714,False,False,0
2026-01-28 14:30:00+08:00,swing,F,hold,4161.72,1.021235,14,9,5,0,0.6429,False,False,0
2026-01-29 09:30:00+08:00,swing,F,hold,4155.918,1.021235,13,8,5,0,0.6154,False,False,0
2026-01-29 11:00:00+08:00,swing,F,hold,4151.91,1.021235,13,8,5,0,0.6154,False,False,0
2026-01-29 14:30:00+08:00,swing,F,hold,4158.053,1.021235,13,7,6,0,0.5385,False,False,0
2026-01-30 09:30:00+08:00,swing,F,hold,4131.993,1.021235,13,7,6,1,0.5385,False,False,0
2026-01-30 11:00:00+08:00,swing,F,hold,4100.826,1.021235,13,7,6,1,0.5385,False,False,0
2026-01-30 14:30:00+08:00,swing,F,hold,4119.827,1.021235,14,9,5,1,0.6429,False,False,0
2026-02-02 09:30:00+08:00,swing,F,hold,4079.708,1.021235,14,6,8,2,0.4286,False,False,0
2026-02-02 11:00:00+08:00,swing,F,hold,4075.735,1.021235,14,6,8,2,0.4286,False,False,0
2026-02-02 14:30:00+08:00,swing,F,hold,4031.868,1.021235,14,7,7,2,0.5,False,False,0
2026-02-03 09:30:00+08:00,swing,F,hold,4043.906,1.021235,15,6,9,0,0.4,False,False,0
2026-02-03 11:00:00+08:00,swing,F,hold,4015.758,1.021235,16,6,10,0,0.375,False,False,0
2026-02-03 14:30:00+08:00,swing,F,hold,4061.634,1.021235,16,8,8,0,0.5,False,False,0
2026-02-04 09:30:00+08:00,swing,F,hold,4064.677,1.021235,16,8,8,0,0.5,False,False,0
2026-02-04 11:00:00+08:00,swing,F,hold,4073.296,1.021235,16,8,8,0,0.5,False,False,0
2026-02-04 14:30:00+08:00,swing,F,hold,4088.641,1.021235,15,8,7,1,0.5333,False,False,0
2026-02-05 09:30:00+08:00,swing,F,hold,4075.025,1.021235,12,6,6,0,0.5,False,False,0
2026-02-05 11:00:00+08:00,swing,F,hold,4055.256,1.021235,12,6,6,0,0.5,False,False,0
2026-02-05 14:30:00+08:00,swing,F,hold,4077.186,1.021235,12,6,6,0,0.5,False,False,0
2026-02-06 09:30:00+08:00,swing,F,hold,4040.299,1.021235,10,6,4,2,0.6,False,False,0
2026-02-06 11:00:00+08:00,swing,F,hold,4075.441,1.021235,10,6,4,2,0.6,False,False,0
2026-02-06 14:30:00+08:00,swing,F,hold,4080.764,1.021235,10,6,4,2,0.6,False,False,0
2026-02-09 09:30:00+08:00,swing,F,hold,4103.54,1.021235,14,8,6,0,0.5714,False,False,0
2026-02-09 11:00:00+08:00,swing,F,hold,4113.002,1.021235,14,9,5,0,0.6429,False,False,0
2026-02-09 14:30:00+08:00,swing,F,hold,4116.762,1.021235,14,9,5,0,0.6429,False,False,0
2026-02-10 09:30:00+08:00,swing,F,hold,4127.766,1.021235,14,8,6,0,0.5714,False,False,0
2026-02-10 11:00:00+08:00,swing,F,hold,4124.161,1.021235,14,8,6,0,0.5714,False,False,0
2026-02-10 14:30:00+08:00,swing,F,hold,4127.807,1.021235,14,7,7,0,0.5,False,False,0
2026-02-11 09:30:00+08:00,swing,F,hold,4124.428,1.021235,14,6,8,0,0.4286,False,False,0
2026-02-11 11:00:00+08:00,swing,F,hold,4138.475,1.021235,14,6,8,0,0.4286,False,False,0
2026-02-11 14:30:00+08:00,swing,F,hold,4134.686,1.021235,14,6,8,0,0.4286,False,False,0
2026-02-12 09:30:00+08:00,swing,L,buy,4136.99,1.021235,7,6,1,3,0.8571,True,False,0
2026-02-12 11:00:00+08:00,swing,L,hold,4135.979,1.020986,7,6,1,3,0.8571,True,False,0
2026-02-12 14:30:00+08:00,swing,L,hold,4135.254,1.020807,7,6,1,3,0.8571,True,False,0
2026-02-13 09:30:00+08:00,swing,L,hold,4115.924,1.016035,7,6,1,3,0.8571,True,False,0
2026-02-13 11:00:00+08:00,swing,L,hold,4116.889,1.016273,7,7,0,3,1.0,True,False,0
2026-02-13 14:30:00+08:00,swing,L,hold,4090.888,1.009855,7,7,0,3,1.0,True,False,0
2026-02-24 09:30:00+08:00,swing,F,sell,4129.134,1.019296,12,5,7,3,0.4167,False,False,0
2026-02-24 11:00:00+08:00,swing,F,hold,4125.33,1.019296,12,5,7,3,0.4167,False,False,0
2026-02-24 14:30:00+08:00,swing,F,hold,4118.622,1.019296,14,7,7,2,0.5,False,False,0
2026-02-25 09:30:00+08:00,swing,F,hold,4123.781,1.019296,13,7,6,2,0.5385,False,False,0
2026-02-25 11:00:00+08:00,swing,F,hold,4160.452,1.019296,13,7,6,2,0.5385,False,False,0
2026-02-25 14:30:00+08:00,swing,F,hold,4136.388,1.019296,16,10,6,1,0.625,False,False,0
2026-02-26 09:30:00+08:00,swing,L,buy,4151.068,1.019296,16,11,5,1,0.6875,True,False,0
2026-02-26 11:00:00+08:00,swing,L,hold,4133.082,1.014879,16,11,5,1,0.6875,True,False,0
2026-02-26 14:30:00+08:00,swing,F,sell,4140.077,1.016597,16,10,6,1,0.625,False,False,0
2026-02-27 09:30:00+08:00,swing,L,buy,4128.897,1.016597,11,8,3,0,0.7273,True,False,0
2026-02-27 11:00:00+08:00,swing,L,hold,4144.065,1.020332,12,9,3,0,0.75,True,False,0
2026-02-27 14:30:00+08:00,swing,L,hold,4159.354,1.024096,12,9,3,0,0.75,True,False,0
2026-03-02 09:30:00+08:00,swing,F,sell,4151.801,1.022236,14,9,5,0,0.6429,False,False,0
2026-03-02 11:00:00+08:00,swing,F,hold,4157.452,1.022236,14,9,5,0,0.6429,False,False,0
2026-03-02 14:30:00+08:00,swing,F,hold,4182.6,1.022236,14,9,5,0,0.6429,False,False,0
2026-03-03 09:30:00+08:00,swing,L,buy,4189.408,1.022236,11,8,3,1,0.7273,True,False,0
2026-03-03 11:00:00+08:00,swing,L,hold,4179.369,1.019787,11,8,3,1,0.7273,True,False,0
2026-03-03 14:30:00+08:00,swing,L,hold,4137.286,1.009518,11,8,3,1,0.7273,True,False,0
2026-03-04 09:30:00+08:00,swing,L,hold,4087.632,0.997402,10,7,3,0,0.7,True,False,0
2026-03-04 11:00:00+08:00,swing,L,hold,4078.939,0.995281,10,7,3,0,0.7,True,False,0
2026-03-04 14:30:00+08:00,swing,F,sell,4079.398,0.995393,11,7,4,0,0.6364,False,False,0
2026-03-05 09:30:00+08:00,swing,F,hold,4109.777,0.995393,11,5,6,0,0.4545,False,False,0
2026-03-05 11:00:00+08:00,swing,F,hold,4120.535,0.995393,11,5,6,0,0.4545,False,False,0
2026-03-05 14:30:00+08:00,swing,F,hold,4104.13,0.995393,11,4,7,0,0.3636,False,False,0
2026-03-06 09:30:00+08:00,swing,F,hold,4085.895,0.995393,11,4,7,0,0.3636,False,False,0
2026-03-06 11:00:00+08:00,swing,F,hold,4114.748,0.995393,11,4,7,0,0.3636,False,False,0
2026-03-06 14:30:00+08:00,swing,F,hold,4121.065,0.995393,11,4,7,0,0.3636,False,False,0
2026-03-09 09:30:00+08:00,swing,F,hold,4098.699,0.995393,13,6,7,2,0.4615,False,False,0
2026-03-09 11:00:00+08:00,swing,F,hold,4082.337,0.995393,14,7,7,1,0.5,False,False,0
2026-03-09 14:30:00+08:00,swing,F,hold,4099.665,0.995393,14,8,6,1,0.5714,False,False,0
2026-03-10 09:30:00+08:00,swing,F,hold,4098.587,0.995393,12,6,6,0,0.5,False,False,0
2026-03-10 11:00:00+08:00,swing,F,hold,4106.594,0.995393,12,6,6,0,0.5,False,False,0
2026-03-10 14:30:00+08:00,swing,F,hold,4115.875,0.995393,13,6,7,0,0.4615,False,False,0
2026-03-11 09:30:00+08:00,swing,F,hold,4123.666,0.995393,11,5,6,0,0.4545,False,False,0
2026-03-11 11:00:00+08:00,swing,F,hold,4128.559,0.995393,11,5,6,0,0.4545,False,False,0
2026-03-11 14:30:00+08:00,swing,F,hold,4133.272,0.995393,11,6,5,0,0.5455,False,False,0
2026-03-12 09:30:00+08:00,swing,F,hold,4133.2,0.995393,12,5,7,0,0.4167,False,False,0
2026-03-12 11:00:00+08:00,swing,F,hold,4122.34,0.995393,12,5,7,0,0.4167,False,False,0
2026-03-12 14:30:00+08:00,swing,F,hold,4127.66,0.995393,12,5,7,0,0.4167,False,False,0
2026-03-13 09:30:00+08:00,swing,F,hold,4117.574,0.995393,11,5,6,0,0.4545,False,False,0
2026-03-13 11:00:00+08:00,swing,F,hold,4129.018,0.995393,11,5,6,0,0.4545,False,False,0
2026-03-13 14:30:00+08:00,swing,F,hold,4102.55,0.995393,10,6,4,1,0.6,False,False,0
2026-03-16 09:30:00+08:00,swing,F,hold,4092.249,0.995393,10,4,6,3,0.4,False,False,0
2026-03-16 11:00:00+08:00,swing,F,hold,4055.581,0.995393,11,5,6,2,0.4545,False,False,0
2026-03-16 14:30:00+08:00,swing,F,hold,4079.318,0.995393,13,6,7,1,0.4615,False,False,0
2026-03-17 09:30:00+08:00,swing,F,hold,4086.295,0.995393,11,6,5,1,0.5455,False,False,0
2026-03-17 11:00:00+08:00,swing,F,hold,4092.013,0.995393,11,6,5,1,0.5455,False,False,0
2026-03-17 14:30:00+08:00,swing,F,hold,4057.793,0.995393,12,6,6,1,0.5,False,False,0
2026-03-18 09:30:00+08:00,swing,F,hold,4053.305,0.995393,15,5,10,1,0.3333,False,False,0
2026-03-18 11:00:00+08:00,swing,F,hold,4026.321,0.995393,15,5,10,1,0.3333,False,False,0
2026-03-18 14:30:00+08:00,swing,F,hold,4057.398,0.995393,15,6,9,1,0.4,False,False,0
2026-03-19 09:30:00+08:00,swing,S,open_short,4028.542,0.995393,15,4,11,0,0.2667,False,True,0
2026-03-19 11:00:00+08:00,swing,S,hold,4023.133,0.99673,15,4,11,0,0.2667,False,True,0
2026-03-19 14:30:00+08:00,swing,S,hold,4006.402,1.000864,15,4,11,0,0.2667,False,True,0
2026-03-20 09:30:00+08:00,swing,F,cover,4004.573,1.001316,13,7,6,1,0.5385,False,False,0
2026-03-20 11:00:00+08:00,swing,F,hold,3987.782,1.001316,13,6,7,1,0.4615,False,False,0
2026-03-20 14:30:00+08:00,swing,F,hold,3976.142,1.001316,13,8,5,1,0.6154,False,False,0
2026-03-23 09:30:00+08:00,swing,L,buy,3904.951,1.001316,11,8,3,4,0.7273,True,False,0
2026-03-23 11:00:00+08:00,swing,F,sell,3876.15,0.99393,12,7,5,3,0.5833,False,False,0
2026-03-23 14:30:00+08:00,swing,F,hold,3819.058,0.99393,14,8,6,1,0.5714,False,False,0
2026-03-24 09:30:00+08:00,swing,F,hold,3849.631,0.99393,15,8,7,1,0.5333,False,False,0
2026-03-24 11:00:00+08:00,swing,F,hold,3847.697,0.99393,15,9,6,1,0.6,False,False,0
2026-03-24 14:30:00+08:00,swing,F,hold,3865.108,0.99393,15,9,6,1,0.6,False,False,0
2026-03-25 09:30:00+08:00,swing,F,hold,3892.269,0.99393,15,8,7,1,0.5333,False,False,0
2026-03-25 11:00:00+08:00,swing,F,hold,3918.825,0.99393,15,8,7,1,0.5333,False,False,0
2026-03-25 14:30:00+08:00,swing,F,hold,3920.358,0.99393,15,9,6,1,0.6,False,False,0
2026-03-26 09:30:00+08:00,swing,F,hold,3924.962,0.99393,14,9,5,0,0.6429,False,False,0
2026-03-26 11:00:00+08:00,swing,F,hold,3909.773,0.99393,14,8,6,0,0.5714,False,False,0
2026-03-26 14:30:00+08:00,swing,F,hold,3885.661,0.99393,14,9,5,0,0.6429,False,False,0
2026-03-27 09:30:00+08:00,swing,F,hold,3852.094,0.99393,15,9,6,0,0.6,False,False,0
2026-03-27 11:00:00+08:00,swing,F,hold,3888.968,0.99393,15,9,6,0,0.6,False,False,0
2026-03-27 14:30:00+08:00,swing,F,hold,3910.542,0.99393,14,8,6,1,0.5714,False,False,0
2026-03-30 09:30:00+08:00,swing,L,buy,3884.277,0.99393,14,11,3,1,0.7857,True,False,0
2026-03-30 11:00:00+08:00,swing,L,hold,3898.515,0.997574,14,11,3,1,0.7857,True,False,0
2026-03-30 14:30:00+08:00,swing,L,hold,3919.755,1.003009,13,11,2,2,0.8462,True,False,0
2026-03-31 09:30:00+08:00,swing,L,hold,3924.067,1.004112,12,10,2,2,0.8333,True,False,0
2026-03-31 11:00:00+08:00,swing,L,hold,3923.566,1.003984,12,10,2,2,0.8333,True,False,0
2026-03-31 14:30:00+08:00,swing,L,hold,3900.45,0.998069,14,10,4,1,0.7143,True,False,0
2026-04-01 09:30:00+08:00,swing,L,hold,3939.566,1.008078,13,10,3,1,0.7692,True,False,0
2026-04-01 11:00:00+08:00,swing,L,hold,3950.537,1.010885,13,10,3,1,0.7692,True,False,0
2026-04-01 14:30:00+08:00,swing,L,hold,3945.491,1.009594,13,10,3,1,0.7692,True,False,0
2026-04-02 09:30:00+08:00,swing,L,hold,3940.799,1.008394,11,10,1,0,0.9091,True,False,0
2026-04-02 11:00:00+08:00,swing,L,hold,3933.841,1.006613,11,10,1,0,0.9091,True,False,0
2026-04-02 14:30:00+08:00,swing,L,hold,3916.162,1.002089,12,9,3,0,0.75,True,False,0
2026-04-03 09:30:00+08:00,swing,L,hold,3927.592,1.005014,11,9,2,0,0.8182,True,False,0
2026-04-03 11:00:00+08:00,swing,L,hold,3891.447,0.995765,11,8,3,0,0.7273,True,False,0
2026-04-03 14:30:00+08:00,swing,F,sell,3881.843,0.993308,12,8,4,0,0.6667,False,False,0
2026-04-07 09:30:00+08:00,swing,F,hold,3884.151,0.993308,11,6,5,1,0.5455,False,False,0
2026-04-07 11:00:00+08:00,swing,F,hold,3896.313,0.993308,11,7,4,1,0.6364,False,False,0
2026-04-07 14:30:00+08:00,swing,F,hold,3888.554,0.993308,12,8,4,1,0.6667,False,False,0
2026-04-08 09:30:00+08:00,swing,F,hold,3930.251,0.993308,13,8,5,0,0.6154,False,False,0
2026-04-08 11:00:00+08:00,swing,F,hold,3958.668,0.993308,13,8,5,0,0.6154,False,False,0
2026-04-08 14:30:00+08:00,swing,L,buy,3984.472,0.993308,13,9,4,0,0.6923,True,False,0
2026-04-09 09:30:00+08:00,swing,L,hold,3967.63,0.989109,15,11,4,0,0.7333,True,False,0
2026-04-09 11:00:00+08:00,swing,L,hold,3972.036,0.990207,14,11,3,1,0.7857,True,False,0
2026-04-09 14:30:00+08:00,swing,F,sell,3966.906,0.988929,14,9,5,1,0.6429,False,False,0
2026-04-10 09:30:00+08:00,swing,F,hold,3985.464,0.988929,13,8,5,0,0.6154,False,False,0
2026-04-10 11:00:00+08:00,swing,F,hold,3998.955,0.988929,13,8,5,0,0.6154,False,False,0
2026-04-10 14:30:00+08:00,swing,F,hold,3992.865,0.988929,13,7,6,0,0.5385,False,False,0
2026-04-13 09:30:00+08:00,swing,L,buy,3971.199,0.988929,14,10,4,0,0.7143,True,False,0
2026-04-13 11:00:00+08:00,swing,L,hold,3977.573,0.990516,14,11,3,0,0.7857,True,False,0
2026-04-13 14:30:00+08:00,swing,L,hold,3987.662,0.993028,14,11,3,0,0.7857,True,False,0
2026-04-14 09:30:00+08:00,swing,L,hold,4006.727,0.997776,12,9,3,0,0.75,True,False,0
2026-04-14 11:00:00+08:00,swing,F,sell,4004.122,0.997127,12,8,4,0,0.6667,False,False,0
2026-04-14 14:30:00+08:00,swing,F,hold,4005.943,0.997127,13,8,5,0,0.6154,False,False,0
2026-04-15 09:30:00+08:00,swing,F,hold,4039.471,0.997127,14,8,6,1,0.5714,False,False,0
2026-04-15 11:00:00+08:00,swing,F,hold,4036.85,0.997127,14,8,6,1,0.5714,False,False,0
2026-04-15 14:30:00+08:00,swing,F,hold,4030.026,0.997127,14,7,7,1,0.5,False,False,0
2026-04-16 09:30:00+08:00,swing,F,hold,4030.138,0.997127,12,5,7,1,0.4167,False,False,0
2026-04-16 11:00:00+08:00,swing,F,hold,4044.724,0.997127,12,5,7,1,0.4167,False,False,0
2026-04-16 14:30:00+08:00,swing,F,hold,4051.836,0.997127,12,6,6,1,0.5,False,False,0
2026-04-17 09:30:00+08:00,swing,L,buy,4043.381,0.997127,10,8,2,1,0.8,True,False,0
2026-04-17 11:00:00+08:00,swing,L,hold,4048.389,0.998362,12,10,2,1,0.8333,True,False,0
2026-04-17 14:30:00+08:00,swing,L,hold,4048.516,0.998394,12,9,3,1,0.75,True,False,0
2026-04-20 09:30:00+08:00,swing,F,sell,4053.374,0.999592,14,9,5,0,0.6429,False,False,0
2026-04-20 11:00:00+08:00,swing,F,hold,4080.162,0.999592,14,9,5,0,0.6429,False,False,0
2026-04-20 14:30:00+08:00,swing,F,hold,4075.465,0.999592,14,9,5,0,0.6429,False,False,0
2026-04-21 09:30:00+08:00,swing,L,buy,4075.845,0.999592,13,9,4,0,0.6923,True,False,0
2026-04-21 11:00:00+08:00,swing,L,hold,4075.417,0.999487,13,9,4,0,0.6923,True,False,0
2026-04-21 14:30:00+08:00,swing,L,hold,4081.464,1.00097,14,10,4,0,0.7143,True,False,0
2026-04-22 09:30:00+08:00,swing,L,hold,4074.813,0.999338,13,9,4,0,0.6923,True,False,0
2026-04-22 11:00:00+08:00,swing,L,hold,4089.999,1.003063,13,10,3,0,0.7692,True,False,0
2026-04-22 14:30:00+08:00,swing,L,hold,4100.365,1.005605,14,12,2,0,0.8571,True,False,0
2026-04-23 09:30:00+08:00,swing,L,hold,4110.788,1.008161,12,9,3,1,0.75,True,False,0
2026-04-23 11:00:00+08:00,swing,L,hold,4091.553,1.003444,13,10,3,1,0.7692,True,False,0
2026-04-23 14:30:00+08:00,swing,F,sell,4084.648,1.00175,14,9,5,0,0.6429,False,False,0
2026-04-24 09:30:00+08:00,swing,F,hold,4081.033,1.00175,11,5,6,1,0.4545,False,False,0
2026-04-24 11:00:00+08:00,swing,F,hold,4073.635,1.00175,11,5,6,1,0.4545,False,False,0
2026-04-24 14:30:00+08:00,swing,F,hold,4088.246,1.00175,12,6,6,0,0.5,False,False,0
2026-04-27 09:30:00+08:00,swing,S,open_short,4074.811,1.00175,13,4,9,0,0.3077,False,True,0
2026-04-27 11:00:00+08:00,swing,S,hold,4086.192,0.998953,13,4,9,0,0.3077,False,True,0
2026-04-27 14:30:00+08:00,swing,S,hold,4082.924,0.999756,13,4,9,0,0.3077,False,True,0
2026-04-28 09:30:00+08:00,swing,F,cover,4076.143,1.001423,11,5,6,0,0.4545,False,False,0
2026-04-28 11:00:00+08:00,swing,F,hold,4076.757,1.001423,12,8,4,0,0.6667,False,False,0
2026-04-28 14:30:00+08:00,swing,F,hold,4066.896,1.001423,12,8,4,0,0.6667,False,False,0
2026-04-29 09:30:00+08:00,swing,L,buy,4061.822,1.001423,12,10,2,0,0.8333,True,False,0
2026-04-29 11:00:00+08:00,swing,L,hold,4084.301,1.006965,12,11,1,0,0.9167,True,False,0
2026-04-29 14:30:00+08:00,swing,L,hold,4109.338,1.013138,11,10,1,1,0.9091,True,False,0
2026-04-30 09:30:00+08:00,swing,L,hold,4107.297,1.012635,11,10,1,1,0.9091,True,False,0
2026-04-30 11:00:00+08:00,swing,L,hold,4104.198,1.011871,11,10,1,1,0.9091,True,False,0
2026-04-30 14:30:00+08:00,swing,L,hold,4113.306,1.014116,12,10,2,0,0.8333,True,False,0
2026-05-06 09:30:00+08:00,swing,F,sell,4135.45,1.019576,13,8,5,0,0.6154,False,False,0
2026-05-06 11:00:00+08:00,swing,F,hold,4153.302,1.019576,13,8,5,0,0.6154,False,False,0
2026-05-06 14:30:00+08:00,swing,L,buy,4157.347,1.019576,12,9,3,1,0.75,True,False,0
2026-05-07 09:30:00+08:00,swing,F,sell,4168.447,1.022298,13,7,6,1,0.5385,False,False,0
2026-05-07 11:00:00+08:00,swing,F,hold,4166.884,1.022298,13,7,6,1,0.5385,False,False,0
2026-05-07 14:30:00+08:00,swing,F,hold,4176.487,1.022298,14,8,6,0,0.5714,False,False,0
2026-05-08 09:30:00+08:00,swing,F,hold,4163.854,1.022298,14,9,5,0,0.6429,False,False,0
2026-05-08 11:00:00+08:00,swing,F,hold,4162.081,1.022298,14,9,5,0,0.6429,False,False,0
2026-05-08 14:30:00+08:00,swing,F,hold,4176.917,1.022298,15,10,5,0,0.6667,False,False,0
2026-05-11 09:30:00+08:00,swing,F,hold,4201.346,1.022298,13,7,6,1,0.5385,False,False,0
2026-05-11 11:00:00+08:00,swing,F,hold,4213.231,1.022298,14,8,6,1,0.5714,False,False,0
2026-05-11 14:30:00+08:00,swing,F,hold,4223.969,1.022298,14,8,6,1,0.5714,False,False,0
2026-05-12 09:30:00+08:00,swing,F,hold,4229.283,1.022298,14,7,7,0,0.5,False,False,0
2026-05-12 11:00:00+08:00,swing,F,hold,4223.292,1.022298,14,7,7,0,0.5,False,False,0
2026-05-12 14:30:00+08:00,swing,F,hold,4207.337,1.022298,14,7,7,0,0.5,False,False,0
2026-05-13 09:30:00+08:00,swing,F,hold,4192.315,1.022298,14,8,6,1,0.5714,False,False,0
2026-05-13 11:00:00+08:00,swing,F,hold,4210.084,1.022298,14,8,6,1,0.5714,False,False,0
2026-05-13 14:30:00+08:00,swing,F,hold,4239.29,1.022298,15,8,7,0,0.5333,False,False,0
2026-05-14 09:30:00+08:00,swing,F,hold,4256.157,1.022298,13,8,5,0,0.6154,False,False,0
2026-05-14 11:00:00+08:00,swing,F,hold,4208.477,1.022298,13,8,5,0,0.6154,False,False,0
2026-05-14 14:30:00+08:00,swing,F,hold,4211.843,1.022298,12,6,6,1,0.5,False,False,0
2026-05-15 09:30:00+08:00,swing,F,hold,4174.175,1.022298,11,4,7,2,0.3636,False,False,0
2026-05-15 11:00:00+08:00,swing,F,hold,4173.422,1.022298,11,4,7,2,0.3636,False,False,0
2026-05-15 14:30:00+08:00,swing,F,hold,4120.974,1.022298,12,5,7,1,0.4167,False,False,0
2026-05-18 09:30:00+08:00,swing,F,hold,4120.14,1.022298,14,6,8,2,0.4286,False,False,0
2026-05-18 11:00:00+08:00,swing,F,hold,4125.48,1.022298,14,7,7,2,0.5,False,False,0
2026-05-18 14:30:00+08:00,swing,F,hold,4115.083,1.022298,16,7,9,1,0.4375,False,False,0
2026-05-19 09:30:00+08:00,swing,F,hold,4122.961,1.022298,15,5,10,0,0.3333,False,False,0
2026-05-19 11:00:00+08:00,swing,F,hold,4118.779,1.022298,15,5,10,0,0.3333,False,False,0
2026-05-19 14:30:00+08:00,swing,F,hold,4156.647,1.022298,15,5,10,0,0.3333,False,False,0
2026-05-20 09:30:00+08:00,swing,F,hold,4152.698,1.022298,14,6,8,0,0.4286,False,False,0
2026-05-20 11:00:00+08:00,swing,F,hold,4146.195,1.022298,14,6,8,0,0.4286,False,False,0
2026-05-20 14:30:00+08:00,swing,F,hold,4154.816,1.022298,14,5,9,0,0.3571,False,False,0
2026-05-21 09:30:00+08:00,swing,S,open_short,4174.377,1.022298,9,2,7,2,0.2222,False,True,0
2026-05-21 11:00:00+08:00,swing,F,cover,4177.378,1.021563,9,3,6,2,0.3333,False,False,0
2026-05-21 14:30:00+08:00,swing,F,hold,4103.651,1.021563,9,3,6,2,0.3333,False,False,0
2026-05-22 09:30:00+08:00,swing,S,open_short,4096.172,1.021563,8,2,6,1,0.25,False,True,0
2026-05-22 11:00:00+08:00,swing,S,hold,4088.403,1.0235,9,2,7,0,0.2222,False,True,0
2026-05-22 14:30:00+08:00,swing,F,cover,4113.649,1.017204,10,4,6,0,0.4,False,False,0
2026-05-25 09:30:00+08:00,swing,F,hold,4126.338,1.017204,10,6,4,1,0.6,False,False,0
2026-05-25 11:00:00+08:00,swing,F,hold,4145.03,1.017204,10,6,4,1,0.6,False,False,0
2026-05-25 14:30:00+08:00,swing,F,hold,4142.457,1.017204,11,7,4,0,0.6364,False,False,0
2026-05-26 09:30:00+08:00,swing,F,hold,4137.32,1.017204,11,7,4,0,0.6364,False,False,0
2026-05-26 11:00:00+08:00,swing,F,hold,4123.712,1.017204,11,7,4,0,0.6364,False,False,0
2026-05-26 14:30:00+08:00,swing,F,hold,4134.577,1.017204,12,7,5,0,0.5833,False,False,0
2026-05-27 09:30:00+08:00,swing,F,hold,4138.805,1.017204,14,9,5,0,0.6429,False,False,0
2026-05-27 11:00:00+08:00,swing,F,hold,4122.845,1.017204,14,9,5,0,0.6429,False,False,0
2026-05-27 14:30:00+08:00,swing,L,buy,4099.343,1.017204,13,9,4,1,0.6923,True,False,0
2026-05-28 09:30:00+08:00,swing,F,sell,4080.304,1.01248,13,6,7,1,0.4615,False,False,0
2026-05-28 11:00:00+08:00,swing,F,hold,4069.403,1.01248,13,6,7,1,0.4615,False,False,0
2026-05-28 14:30:00+08:00,swing,F,hold,4097.559,1.01248,13,5,8,1,0.3846,False,False,0
2026-05-29 09:30:00+08:00,swing,F,hold,4110.521,1.01248,13,6,7,1,0.4615,False,False,0
2026-05-29 11:00:00+08:00,swing,F,hold,4089.693,1.01248,13,5,8,1,0.3846,False,False,0
2026-05-29 14:30:00+08:00,swing,F,hold,4061.45,1.01248,14,5,9,0,0.3571,False,False,0
2026-06-01 09:30:00+08:00,swing,F,hold,4067.158,1.01248,13,6,7,2,0.4615,False,False,0
2026-06-01 11:00:00+08:00,swing,F,hold,4061.597,1.01248,13,6,7,2,0.4615,False,False,0
2026-06-01 14:30:00+08:00,swing,F,hold,4058.605,1.01248,13,6,7,2,0.4615,False,False,0
2026-06-02 09:30:00+08:00,swing,S,open_short,4061.463,1.01248,13,3,10,1,0.2308,False,True,0
2026-06-02 11:00:00+08:00,swing,S,hold,4061.415,1.012492,13,4,9,1,0.3077,False,True,0
2026-06-02 14:30:00+08:00,swing,S,hold,4075.923,1.008875,13,4,9,1,0.3077,False,True,0
2026-06-03 09:30:00+08:00,swing,S,hold,4068.341,1.010765,14,4,10,0,0.2857,False,True,0
2026-06-03 11:00:00+08:00,swing,S,hold,4089.61,1.005463,14,4,10,0,0.2857,False,True,0
2026-06-03 14:30:00+08:00,swing,F,cover,4080.257,1.007795,14,5,9,0,0.3571,False,False,0
2026-06-04 09:30:00+08:00,swing,F,hold,4053.67,1.007795,12,4,8,0,0.3333,False,False,0
2026-06-04 11:00:00+08:00,swing,F,hold,4069.874,1.007795,11,4,7,1,0.3636,False,False,0
2026-06-04 14:30:00+08:00,swing,F,hold,4050.913,1.007795,11,4,7,1,0.3636,False,False,0
2026-06-05 09:30:00+08:00,swing,F,hold,4044.829,1.007795,8,4,4,1,0.5,False,False,0
2026-06-05 11:00:00+08:00,swing,F,hold,4067.814,1.007795,9,5,4,1,0.5556,False,False,0
2026-06-05 14:30:00+08:00,swing,F,hold,4028.139,1.007795,9,4,5,1,0.4444,False,False,0
2026-06-08 09:30:00+08:00,swing,F,hold,3938.709,1.007795,15,5,10,0,0.3333,False,False,0
2026-06-08 11:00:00+08:00,swing,F,hold,3996.057,1.007795,14,5,9,1,0.3571,False,False,0
2026-06-08 14:30:00+08:00,swing,F,hold,3970.601,1.007795,15,6,9,0,0.4,False,False,0
2026-06-09 09:30:00+08:00,swing,F,hold,3977.539,1.007795,15,9,6,0,0.6,False,False,0
2026-06-09 11:00:00+08:00,swing,F,hold,3971.56,1.007795,15,9,6,0,0.6,False,False,0
2026-06-09 14:30:00+08:00,swing,F,hold,4005.515,1.007795,15,10,5,0,0.6667,False,False,0
2026-06-10 09:30:00+08:00,swing,F,hold,3985.124,1.007795,15,9,6,0,0.6,False,False,0
2026-06-10 11:00:00+08:00,swing,F,hold,3979.827,1.007795,15,9,6,0,0.6,False,False,0
2026-06-10 14:30:00+08:00,swing,F,hold,3990.146,1.007795,15,10,5,0,0.6667,False,False,0
2026-06-11 09:30:00+08:00,swing,F,hold,3979.706,1.007795,14,7,7,0,0.5,False,False,0
2026-06-11 11:00:00+08:00,swing,F,hold,3976.23,1.007795,14,7,7,0,0.5,False,False,0
2026-06-11 14:30:00+08:00,swing,F,hold,3970.091,1.007795,14,7,7,0,0.5,False,False,0
2026-06-12 09:30:00+08:00,swing,F,hold,4017.865,1.007795,12,4,8,0,0.3333,False,False,0
2026-06-12 11:00:00+08:00,swing,S,open_short,4051.467,1.007795,12,3,9,0,0.25,False,True,0
2026-06-12 14:30:00+08:00,swing,S,hold,4036.695,1.011469,12,2,10,0,0.1667,False,True,0
2026-06-15 09:30:00+08:00,swing,L,cover+buy,4053.582,1.007269,13,9,4,0,0.6923,True,False,0
2026-06-15 11:00:00+08:00,swing,L,hold,4071.499,1.011721,13,9,4,0,0.6923,True,False,0
2026-06-15 14:30:00+08:00,swing,L,hold,4079.176,1.013629,13,10,3,0,0.7692,True,False,0
2026-06-16 09:30:00+08:00,swing,L,hold,4094.212,1.017365,10,8,2,0,0.8,True,False,0
2026-06-16 11:00:00+08:00,swing,L,hold,4096.678,1.017978,10,8,2,0,0.8,True,False,0
2026-06-16 14:30:00+08:00,swing,L,hold,4095.016,1.017565,10,8,2,0,0.8,True,False,0
2026-06-17 09:30:00+08:00,swing,L,hold,4074.291,1.012415,9,8,1,1,0.8889,True,False,0
2026-06-17 11:00:00+08:00,swing,L,hold,4089.227,1.016126,9,8,1,1,0.8889,True,False,0
2026-06-17 14:30:00+08:00,swing,L,hold,4088.062,1.015837,10,9,1,1,0.9,True,False,0
2026-06-18 09:30:00+08:00,swing,L,hold,4094.23,1.017369,9,8,1,1,0.8889,True,False,0
2026-06-18 11:00:00+08:00,swing,L,hold,4093.478,1.017182,9,7,2,1,0.7778,True,False,0
2026-06-18 14:30:00+08:00,swing,F,sell,4098.439,1.018415,10,6,4,1,0.6,False,False,0
2026-06-22 09:30:00+08:00,swing,F,hold,4093.955,1.018415,11,6,5,1,0.5455,False,False,0
2026-06-22 11:00:00+08:00,swing,F,hold,4081.956,1.018415,10,6,4,2,0.6,False,False,0
2026-06-22 14:30:00+08:00,swing,L,buy,4152.544,1.018415,10,7,3,2,0.7,True,False,0
2026-06-23 09:30:00+08:00,swing,L,hold,4153.593,1.018672,10,7,3,1,0.7,True,False,0
2026-06-23 11:00:00+08:00,swing,F,sell,4161.357,1.020577,10,5,5,1,0.5,False,False,0
2026-06-23 14:30:00+08:00,swing,F,hold,4085.836,1.020577,11,6,5,0,0.5455,False,False,0
2026-06-24 09:30:00+08:00,swing,F,hold,4090.1,1.020577,11,5,6,0,0.4545,False,False,0
2026-06-24 11:00:00+08:00,swing,F,hold,4080.279,1.020577,11,5,6,0,0.4545,False,False,0
2026-06-24 14:30:00+08:00,swing,F,hold,4112.952,1.020577,12,5,7,0,0.4167,False,False,0
2026-06-25 09:30:00+08:00,swing,F,hold,4104.174,1.020577,11,4,7,0,0.3636,False,False,0
2026-06-25 11:00:00+08:00,swing,F,hold,4121.874,1.020577,11,4,7,0,0.3636,False,False,0
2026-06-25 14:30:00+08:00,swing,F,hold,4117.113,1.020577,11,4,7,0,0.3636,False,False,0
2026-06-26 09:30:00+08:00,swing,F,hold,4098.686,1.020577,9,3,6,0,0.3333,False,False,0
2026-06-26 11:00:00+08:00,swing,F,hold,4021.053,1.020577,9,3,6,0,0.3333,False,False,0
2026-06-26 14:30:00+08:00,swing,S,open_short,4038.409,1.020577,10,2,8,0,0.2,False,True,0
2026-06-29 09:30:00+08:00,swing,F,cover,4026.686,1.023539,12,6,6,0,0.5,False,False,0
2026-06-29 11:00:00+08:00,swing,F,hold,4037.58,1.023539,12,6,6,0,0.5,False,False,0
2026-06-29 14:30:00+08:00,swing,F,hold,4052.971,1.023539,12,6,6,0,0.5,False,False,0
2026-06-30 09:30:00+08:00,swing,F,hold,4058.17,1.023539,11,5,6,0,0.4545,False,False,0
2026-06-30 11:00:00+08:00,swing,F,hold,4065.049,1.023539,11,5,6,0,0.4545,False,False,0
2026-06-30 14:30:00+08:00,swing,F,hold,4081.775,1.023539,11,5,6,0,0.4545,False,False,0
2026-07-01 09:30:00+08:00,swing,F,hold,4090.76,1.023539,14,9,5,0,0.6429,False,False,0
2026-07-01 11:00:00+08:00,swing,F,hold,4137.261,1.023539,14,9,5,0,0.6429,False,False,0
2026-07-01 14:30:00+08:00,swing,F,hold,4099.354,1.023539,14,9,5,0,0.6429,False,False,0
2026-07-02 09:30:00+08:00,swing,F,hold,4054.086,1.023539,10,6,4,1,0.6,False,False,0
2026-07-02 11:00:00+08:00,swing,F,hold,4081.408,1.023539,10,6,4,1,0.6,False,False,0
2026-07-02 14:30:00+08:00,swing,F,hold,4044.59,1.023539,10,6,4,1,0.6,False,False,0
2026-07-03 09:30:00+08:00,swing,F,hold,4031.335,1.023539,11,4,7,1,0.3636,False,False,0
2026-07-03 11:00:00+08:00,swing,F,hold,4059.168,1.023539,11,4,7,1,0.3636,False,False,0
2026-07-03 14:30:00+08:00,swing,F,hold,4052.545,1.023539,11,4,7,1,0.3636,False,False,0
2026-07-06 09:30:00+08:00,swing,S,open_short,4059.194,1.023539,16,5,11,0,0.3125,False,True,0
2026-07-06 11:00:00+08:00,swing,S,hold,4019.977,1.033428,16,5,11,0,0.3125,False,True,0
2026-07-06 14:30:00+08:00,swing,S,hold,4042.234,1.027816,16,5,11,0,0.3125,False,True,0
2026-07-07 09:30:00+08:00,swing,F,cover,4019.494,1.03355,14,5,9,0,0.3571,False,False,0
2026-07-07 11:00:00+08:00,swing,F,hold,3997.008,1.03355,14,5,9,0,0.3571,False,False,0
2026-07-07 14:30:00+08:00,swing,F,hold,3983.167,1.03355,14,5,9,0,0.3571,False,False,0
2026-07-08 09:30:00+08:00,swing,S,open_short,3996.807,1.03355,13,3,10,0,0.2308,False,True,0
2026-07-08 11:00:00+08:00,swing,S,hold,3984.791,1.036657,13,3,10,0,0.2308,False,True,0
2026-07-08 14:30:00+08:00,swing,S,hold,3987.093,1.036062,13,3,10,0,0.2308,False,True,0
2026-07-09 09:30:00+08:00,swing,S,hold,3977.547,1.03853,13,4,9,0,0.3077,False,True,0
2026-07-09 11:00:00+08:00,swing,S,hold,3947.859,1.046207,13,4,9,0,0.3077,False,True,0
2026-07-09 14:30:00+08:00,swing,F,cover,4019.072,1.027792,13,5,8,0,0.3846,False,False,0
2026-07-10 09:30:00+08:00,swing,F,hold,4031.537,1.027792,14,8,6,0,0.5714,False,False,0
2026-07-10 11:00:00+08:00,swing,F,hold,4060.54,1.027792,14,8,6,0,0.5714,False,False,0
2026-07-10 14:30:00+08:00,swing,F,hold,4021.9,1.027792,12,6,6,2,0.5,False,False,0
2026-07-13 09:30:00+08:00,swing,S,open_short,3966.023,1.027792,15,3,12,2,0.2,False,True,0
2026-07-13 11:00:00+08:00,swing,S,hold,3943.912,1.033522,15,3,12,2,0.2,False,True,0
2026-07-13 14:30:00+08:00,swing,S,hold,3909.765,1.042371,15,2,13,2,0.1333,False,True,0
2026-07-14 09:30:00+08:00,swing,S,hold,3909.274,1.042499,14,3,11,2,0.2143,False,True,0
2026-07-14 11:00:00+08:00,swing,S,hold,3893.015,1.046712,14,3,11,2,0.2143,False,True,0
2026-07-14 14:30:00+08:00,swing,S,hold,3945.033,1.033232,13,2,11,3,0.1538,False,True,0
2026-07-15 09:30:00+08:00,swing,S,hold,3963.727,1.028387,15,2,13,1,0.1333,False,True,0
2026-07-15 11:00:00+08:00,swing,S,hold,3963.387,1.028475,15,2,13,1,0.1333,False,True,0
2026-07-15 14:30:00+08:00,swing,S,hold,3957.794,1.029925,14,2,12,2,0.1429,False,True,0
2026-07-16 09:30:00+08:00,swing,S,hold,3912.381,1.041693,12,3,9,2,0.25,False,True,0
2026-07-16 11:00:00+08:00,swing,F,cover,3930.18,1.037081,12,4,8,2,0.3333,False,False,0
2026-07-16 14:30:00+08:00,swing,F,hold,3885.372,1.037081,14,6,8,0,0.4286,False,False,0
2026-07-17 09:30:00+08:00,swing,F,hold,3865.316,1.037081,14,8,6,1,0.5714,False,False,0
2026-07-17 11:00:00+08:00,swing,F,hold,3815.684,1.037081,14,9,5,1,0.6429,False,False,0
2026-07-17 14:30:00+08:00,swing,F,hold,3800.897,1.037081,15,7,8,1,0.4667,False,False,0
2026-07-20 09:30:00+08:00,swing,F,hold,3791.662,1.037081,17,9,8,2,0.5294,False,False,0
2026-07-20 11:00:00+08:00,swing,F,hold,3823.317,1.037081,17,8,9,2,0.4706,False,False,0
2026-07-20 14:30:00+08:00,swing,F,hold,3755.498,1.037081,16,7,9,3,0.4375,False,False,0
2026-07-21 09:30:00+08:00,swing,F,hold,3812.162,1.037081,16,9,7,2,0.5625,False,False,0
2026-07-21 11:00:00+08:00,swing,F,hold,3799.162,1.037081,16,9,7,2,0.5625,False,False,0
2026-07-21 14:30:00+08:00,swing,F,hold,3846.518,1.037081,16,10,6,2,0.625,False,False,0
2026-07-22 09:30:00+08:00,swing,F,hold,3839.665,1.037081,15,7,8,3,0.4667,False,False,0
2026-07-22 11:00:00+08:00,swing,F,hold,3876.43,1.037081,15,7,8,3,0.4667,False,False,0
2026-07-22 14:30:00+08:00,swing,F,hold,3855.858,1.037081,15,6,9,3,0.4,False,False,0
2026-07-23 09:30:00+08:00,swing,S,open_short,3868.087,1.037081,13,4,9,3,0.3077,False,True,0
2026-07-23 11:00:00+08:00,swing,F,cover,3864.581,1.038021,14,5,9,3,0.3571,False,False,0
2026-07-23 14:30:00+08:00,swing,F,hold,3872.109,1.038021,14,5,9,3,0.3571,False,False,0
2026-07-24 09:30:00+08:00,swing,F,hold,3853.632,1.038021,15,5,10,1,0.3333,False,False,0
2026-07-24 11:00:00+08:00,swing,F,hold,3835.049,1.038021,15,5,10,1,0.3333,False,False,0
2026-07-24 14:30:00+08:00,swing,F,hold,3827.99,1.038021,15,5,10,1,0.3333,False,False,0
2026-07-27 09:30:00+08:00,swing,F,hold,3808.903,1.038021,15,9,6,1,0.6,False,False,0
2026-07-27 11:00:00+08:00,swing,F,hold,3822.721,1.038021,15,8,7,1,0.5333,False,False,0
2026-07-27 14:30:00+08:00,swing,F,hold,3840.868,1.038021,15,9,6,1,0.6,False,False,0
2026-07-28 09:30:00+08:00,swing,F,hold,3823.133,1.038021,14,8,6,1,0.5714,False,False,0
2026-07-28 11:00:00+08:00,swing,F,hold,3807.154,1.038021,14,8,6,1,0.5714,False,False,0
2026-07-28 14:30:00+08:00,swing,F,hold,3808.641,1.038021,14,8,6,1,0.5714,False,False,0
2026-07-29 09:30:00+08:00,swing,F,hold,3823.293,1.038021,16,10,6,1,0.625,False,False,0
2026-07-29 11:00:00+08:00,swing,L,buy,3791.443,1.038021,16,11,5,1,0.6875,True,False,0
2026-07-29 14:30:00+08:00,swing,F,sell,3824.507,1.047073,17,11,6,0,0.6471,False,False,0
2026-07-30 09:30:00+08:00,swing,L,buy,3812.111,1.047073,16,11,5,0,0.6875,True,False,0
2026-07-30 11:00:00+08:00,swing,L,hold,3793.747,1.042029,16,11,5,0,0.6875,True,False,0
2026-07-30 14:30:00+08:00,swing,F,sell,3819.704,1.049159,17,11,6,0,0.6471,False,False,0
2026-07-31 09:30:00+08:00,swing,F,hold,3833.536,1.049159,14,9,5,1,0.6429,False,False,0
2026-07-31 11:00:00+08:00,swing,F,hold,3834.26,1.049159,15,10,5,1,0.6667,False,False,0
2026-07-31 14:30:00+08:00,swing,F,hold,3845.459,1.049159,15,10,5,1,0.6667,False,False,0
2026-08-03 09:30:00+08:00,swing,L,buy,3812.613,1.049159,16,11,5,2,0.6875,True,False,0
2026-08-03 11:00:00+08:00,swing,L,hold,3812.486,1.049124,16,11,5,2,0.6875,True,False,0
2026-08-03 14:30:00+08:00,swing,F,sell,3810.457,1.048565,18,12,6,1,0.6667,False,False,0
2026-08-04 09:30:00+08:00,swing,L,buy,3816.37,1.048565,16,11,5,1,0.6875,True,False,0
2026-08-04 11:00:00+08:00,swing,F,sell,3805.776,1.045655,16,10,6,1,0.625,False,False,0
2026-08-04 14:30:00+08:00,swing,F,hold,3824.887,1.045655,16,10,6,1,0.625,False,False,0
2026-08-05 09:30:00+08:00,swing,F,hold,3815.122,1.045655,14,9,5,1,0.6429,False,False,0
2026-08-05 11:00:00+08:00,swing,F,hold,3858.125,1.045655,14,8,6,1,0.5714,False,False,0
2026-08-05 14:30:00+08:00,swing,F,hold,3871.209,1.045655,14,8,6,1,0.5714,False,False,0
2026-08-06 09:30:00+08:00,swing,L,buy,3864.273,1.045655,11,8,3,3,0.7273,True,False,0
2026-08-06 11:00:00+08:00,swing,L,hold,3887.868,1.052039,11,8,3,3,0.7273,True,False,0
2026-08-06 14:30:00+08:00,swing,L,hold,3895.12,1.054002,12,10,2,2,0.8333,True,False,0
2026-08-07 09:30:00+08:00,swing,L,hold,3896.485,1.054371,15,12,3,1,0.8,True,False,0
2026-08-07 11:00:00+08:00,swing,L,hold,3912.393,1.058676,15,12,3,1,0.8,True,False,0
2026-08-07 14:30:00+08:00,swing,L,hold,3927.492,1.062761,15,11,4,1,0.7333,True,False,0
2026-08-10 09:30:00+08:00,swing,F,sell,3943.816,1.067179,15,9,6,0,0.6,False,False,0
2026-08-10 11:00:00+08:00,swing,F,hold,3950.647,1.067179,15,9,6,0,0.6,False,False,0
2026-08-10 14:30:00+08:00,swing,F,hold,3961.006,1.067179,15,8,7,0,0.5333,False,False,0
2026-08-11 09:30:00+08:00,swing,F,hold,3950.708,1.067179,13,7,6,2,0.5385,False,False,0
2026-08-11 11:00:00+08:00,swing,F,hold,3964.124,1.067179,13,7,6,2,0.5385,False,False,0
2026-08-11 14:30:00+08:00,swing,F,hold,3939.267,1.067179,14,8,6,2,0.5714,False,False,0
2026-08-12 09:30:00+08:00,swing,F,hold,3933.553,1.067179,14,8,6,1,0.5714,False,False,0
2026-08-12 11:00:00+08:00,swing,F,hold,3941.279,1.067179,14,8,6,1,0.5714,False,False,0
2026-08-12 14:30:00+08:00,swing,F,hold,3945.004,1.067179,14,8,6,1,0.5714,False,False,0
2026-08-13 09:30:00+08:00,swing,F,hold,3957.161,1.067179,13,5,8,2,0.3846,False,False,0
2026-08-13 11:00:00+08:00,swing,F,hold,3962.166,1.067179,13,7,6,2,0.5385,False,False,0
2026-08-13 14:30:00+08:00,swing,F,hold,3950.576,1.067179,13,7,6,2,0.5385,False,False,0
2026-08-14 09:30:00+08:00,swing,F,hold,3930.021,1.067179,13,8,5,1,0.6154,False,False,0
2026-08-14 11:00:00+08:00,swing,F,hold,3910.849,1.067179,13,8,5,1,0.6154,False,False,0
2026-08-14 14:30:00+08:00,swing,F,hold,3929.873,1.067179,15,10,5,1,0.6667,False,False,0
2026-08-17 09:30:00+08:00,swing,F,hold,3930.104,1.067179,14,7,7,2,0.5,False,False,0
2026-08-17 11:00:00+08:00,swing,F,hold,3952.862,1.067179,14,6,8,2,0.4286,False,False,0
2026-08-17 14:30:00+08:00,swing,F,hold,3973.727,1.067179,15,9,6,1,0.6,False,False,0
