block,label,w,to_long,tx_long,q_open,q_exit,mode,mode_word,total_return,annualized,buyhold_return,excess,sharpe,bh_sharpe,mdd,n_roundtrips,n_long_rt,n_short_rt,win_rate,in_market_legs,in_market_frac,avg_hold_legs,n_days
基线 S0,S0,5,2/3,1/2,10,10,long_only,仅做多,0.177889,0.319038,0.002056,0.175834,2.3508,0.1573,0.047782,4,4,0,1.0,30,0.2027,7.5,149
基线 S0,S0,5,2/3,1/2,10,10,long_and_short,多空双向,0.428553,0.827983,0.002056,0.426497,3.2321,0.1573,0.047477,6,4,2,1.0,56,0.3784,9.33,149
w 窗口轴,w=3,3,2/3,1/2,10,10,long_only,仅做多,0.179808,0.322674,0.002056,0.177752,1.8252,0.1573,0.091426,6,6,0,0.6667,45,0.3041,7.5,149
w 窗口轴,w=3,3,2/3,1/2,10,10,long_and_short,多空双向,0.457651,0.891399,0.002056,0.455595,2.856,0.1573,0.091426,10,6,4,0.6,80,0.5405,8.0,149
w 窗口轴,w=7,7,2/3,1/2,10,10,long_only,仅做多,0.163033,0.291023,0.002056,0.160977,2.1776,0.1573,0.047782,4,4,0,0.75,28,0.1892,7.0,149
w 窗口轴,w=7,7,2/3,1/2,10,10,long_and_short,多空双向,0.410534,0.789159,0.002056,0.408479,3.1205,0.1573,0.071037,6,4,2,0.8333,54,0.3649,9.0,149
w 窗口轴,w=10,10,2/3,1/2,10,10,long_only,仅做多,0.176044,0.315544,0.002056,0.173988,2.3818,0.1573,0.02978,3,3,0,1.0,28,0.1892,9.33,149
w 窗口轴,w=10,10,2/3,1/2,10,10,long_and_short,多空双向,0.426314,0.823141,0.002056,0.424258,3.2459,0.1573,0.051169,5,3,2,1.0,54,0.3649,10.8,149
Q 对称法定人数,"Q=(0,0)",5,2/3,1/2,0,0,long_only,仅做多,0.177889,0.319038,0.002056,0.175834,2.3508,0.1573,0.047782,4,4,0,1.0,30,0.2027,7.5,149
Q 对称法定人数,"Q=(0,0)",5,2/3,1/2,0,0,long_and_short,多空双向,0.428553,0.827983,0.002056,0.426497,3.2321,0.1573,0.047477,6,4,2,1.0,56,0.3784,9.33,149
Q 对称法定人数,"Q=(8,8)",5,2/3,1/2,8,8,long_only,仅做多,0.177889,0.319038,0.002056,0.175834,2.3508,0.1573,0.047782,4,4,0,1.0,30,0.2027,7.5,149
Q 对称法定人数,"Q=(8,8)",5,2/3,1/2,8,8,long_and_short,多空双向,0.428553,0.827983,0.002056,0.426497,3.2321,0.1573,0.047477,6,4,2,1.0,56,0.3784,9.33,149
Q 对称法定人数,"Q=(12,12)",5,2/3,1/2,12,12,long_only,仅做多,0.177889,0.319038,0.002056,0.175834,2.3508,0.1573,0.047782,4,4,0,1.0,30,0.2027,7.5,149
Q 对称法定人数,"Q=(12,12)",5,2/3,1/2,12,12,long_and_short,多空双向,0.428553,0.827983,0.002056,0.426497,3.2321,0.1573,0.047477,6,4,2,1.0,56,0.3784,9.33,149
Q 对称法定人数,"Q=(14,14)",5,2/3,1/2,14,14,long_only,仅做多,0.148756,0.264334,0.002056,0.1467,2.0186,0.1573,0.047782,4,4,0,0.75,27,0.1824,6.75,149
Q 对称法定人数,"Q=(14,14)",5,2/3,1/2,14,14,long_and_short,多空双向,0.39322,0.752172,0.002056,0.391164,3.0179,0.1573,0.071037,6,4,2,0.8333,53,0.3581,8.83,149
Q 不对称双门,"Q=(8,10)",5,2/3,1/2,8,10,long_only,仅做多,0.177889,0.319038,0.002056,0.175834,2.3508,0.1573,0.047782,4,4,0,1.0,30,0.2027,7.5,149
Q 不对称双门,"Q=(8,10)",5,2/3,1/2,8,10,long_and_short,多空双向,0.428553,0.827983,0.002056,0.426497,3.2321,0.1573,0.047477,6,4,2,1.0,56,0.3784,9.33,149
Q 不对称双门,"Q=(10,8)",5,2/3,1/2,10,8,long_only,仅做多,0.177889,0.319038,0.002056,0.175834,2.3508,0.1573,0.047782,4,4,0,1.0,30,0.2027,7.5,149
Q 不对称双门,"Q=(10,8)",5,2/3,1/2,10,8,long_and_short,多空双向,0.428553,0.827983,0.002056,0.426497,3.2321,0.1573,0.047477,6,4,2,1.0,56,0.3784,9.33,149
Q 不对称双门,"Q=(10,12)",5,2/3,1/2,10,12,long_only,仅做多,0.177889,0.319038,0.002056,0.175834,2.3508,0.1573,0.047782,4,4,0,1.0,30,0.2027,7.5,149
Q 不对称双门,"Q=(10,12)",5,2/3,1/2,10,12,long_and_short,多空双向,0.428553,0.827983,0.002056,0.426497,3.2321,0.1573,0.047477,6,4,2,1.0,56,0.3784,9.33,149
Q 不对称双门,"Q=(12,10)",5,2/3,1/2,12,10,long_only,仅做多,0.177889,0.319038,0.002056,0.175834,2.3508,0.1573,0.047782,4,4,0,1.0,30,0.2027,7.5,149
Q 不对称双门,"Q=(12,10)",5,2/3,1/2,12,10,long_and_short,多空双向,0.428553,0.827983,0.002056,0.426497,3.2321,0.1573,0.047477,6,4,2,1.0,56,0.3784,9.33,149
TO_LONG 开仓线,TO=3/5,5,3/5,1/2,10,10,long_only,仅做多,0.229473,0.418206,0.002056,0.227417,2.159,0.1573,0.091426,8,8,0,0.625,54,0.3649,6.75,149
TO_LONG 开仓线,TO=3/5,5,3/5,1/2,10,10,long_and_short,多空双向,0.341656,0.643903,0.002056,0.3396,2.1562,0.1573,0.096763,16,8,8,0.5,96,0.6486,6.0,149
TO_LONG 开仓线,TO=7/10,5,7/10,1/2,10,10,long_only,仅做多,0.211426,0.383178,0.002056,0.20937,3.0392,0.1573,0.047782,4,4,0,1.0,23,0.1554,5.75,149
TO_LONG 开仓线,TO=7/10,5,7/10,1/2,10,10,long_and_short,多空双向,0.469226,0.916871,0.002056,0.46717,3.6177,0.1573,0.047477,6,4,2,1.0,49,0.3311,8.17,149
TO_LONG 开仓线,TO=3/4,5,3/4,1/2,10,10,long_only,仅做多,0.105477,0.184826,0.002056,0.103421,2.1462,0.1573,0.032026,2,2,0,1.0,14,0.0946,7.0,149
TO_LONG 开仓线,TO=3/4,5,3/4,1/2,10,10,long_and_short,多空双向,0.251213,0.460877,0.002056,0.249157,3.1698,0.1573,0.027417,3,2,1,1.0,18,0.1216,6.0,149
TX_LONG 平仓线,TX=2/5,5,2/3,2/5,10,10,long_only,仅做多,0.172137,0.308162,0.002056,0.170081,2.1497,0.1573,0.056408,4,4,0,0.75,37,0.25,9.25,149
TX_LONG 平仓线,TX=2/5,5,2/3,2/5,10,10,long_and_short,多空双向,0.30728,0.5733,0.002056,0.305224,2.2204,0.1573,0.093679,6,4,2,0.8333,69,0.4662,11.5,149
TX_LONG 平仓线,TX=3/5,5,2/3,3/5,10,10,long_only,仅做多,0.168591,0.301475,0.002056,0.166535,2.2701,0.1573,0.047782,4,4,0,1.0,26,0.1757,6.5,149
TX_LONG 平仓线,TX=3/5,5,2/3,3/5,10,10,long_and_short,多空双向,0.278238,0.514642,0.002056,0.276183,2.5646,0.1573,0.059786,8,4,4,0.75,44,0.2973,5.5,149
跨轴角格,"严挑·高Q·严开（Q=(12,12)·TO=3/4）",5,3/4,1/2,12,12,long_only,仅做多,0.105477,0.184826,0.002056,0.103421,2.1462,0.1573,0.032026,2,2,0,1.0,14,0.0946,7.0,149
跨轴角格,"严挑·高Q·严开（Q=(12,12)·TO=3/4）",5,3/4,1/2,12,12,long_and_short,多空双向,0.251213,0.460877,0.002056,0.249157,3.1698,0.1573,0.027417,3,2,1,1.0,18,0.1216,6.0,149
跨轴角格,"宽松·低Q·宽开宽平（Q=(8,8)·TO=3/5·TX=2/5）",5,3/5,2/5,8,8,long_only,仅做多,0.163715,0.292304,0.002056,0.161659,1.4023,0.1573,0.110864,6,6,0,0.6667,75,0.5068,12.5,149
跨轴角格,"宽松·低Q·宽开宽平（Q=(8,8)·TO=3/5·TX=2/5）",5,3/5,2/5,8,8,long_and_short,多空双向,0.353673,0.668883,0.002056,0.351617,1.935,0.1573,0.122372,11,6,5,0.6364,145,0.9797,13.18,149
跨轴角格,"无门槛·宽滞回（Q=(0,0)·TO=3/4·TX=2/5）",5,3/4,2/5,0,0,long_only,仅做多,0.115783,0.203568,0.002056,0.113728,2.2605,0.1573,0.032026,2,2,0,1.0,17,0.1149,8.5,149
跨轴角格,"无门槛·宽滞回（Q=(0,0)·TO=3/4·TX=2/5）",5,3/4,2/5,0,0,long_and_short,多空双向,0.209486,0.379434,0.002056,0.207431,2.4293,0.1573,0.068536,3,2,1,1.0,22,0.1486,7.33,149
跨轴角格,"宽窗·高Q（w=10·Q=(12,12)）",10,2/3,1/2,12,12,long_only,仅做多,0.176044,0.315544,0.002056,0.173988,2.3818,0.1573,0.02978,3,3,0,1.0,28,0.1892,9.33,149
跨轴角格,"宽窗·高Q（w=10·Q=(12,12)）",10,2/3,1/2,12,12,long_and_short,多空双向,0.426314,0.823141,0.002056,0.424258,3.2459,0.1573,0.051169,5,3,2,1.0,54,0.3649,10.8,149
跨轴角格,"快窗·无门槛（w=3·Q=(0,0)）",3,2/3,1/2,0,0,long_only,仅做多,0.223329,0.406242,0.002056,0.221274,2.1147,0.1573,0.091426,7,7,0,0.7143,52,0.3514,7.43,149
跨轴角格,"快窗·无门槛（w=3·Q=(0,0)）",3,2/3,1/2,0,0,long_and_short,多空双向,0.511421,1.010899,0.002056,0.509366,3.0599,0.1573,0.091426,11,7,4,0.6364,87,0.5878,7.91,149
跨轴角格,窄滞回（近似非滞回）（TO=7/10·TX=3/5）,5,7/10,3/5,10,10,long_only,仅做多,0.201863,0.364761,0.002056,0.199807,2.9651,0.1573,0.047782,4,4,0,1.0,19,0.1284,4.75,149
跨轴角格,窄滞回（近似非滞回）（TO=7/10·TX=3/5）,5,7/10,3/5,10,10,long_and_short,多空双向,0.334513,0.629129,0.002056,0.332457,3.2037,0.1573,0.042916,8,4,4,0.75,34,0.2297,4.25,149
