time,open,high,low,close,volume,amount
2026-08-04 09:30,0.0,7467.08,7467.08,7467.08,1560057.0,2817775568.0
2026-08-04 09:31,0.0,7473.03,7455.03,7455.03,6423452.0,13105903616.0
2026-08-04 09:32,0.0,7463.58,7453.31,7457.64,5176543.0,10063672320.0
2026-08-04 09:33,0.0,7458.31,7454.15,7454.33,3319164.0,6818216448.0
2026-08-04 09:34,0.0,7463.69,7450.32,7451.49,2834752.0,5974913792.0
2026-08-04 09:35,0.0,7465.32,7451.09,7465.32,3050758.0,5451378432.0
2026-08-04 09:36,0.0,7479.18,7467.73,7479.18,3292153.0,6195578624.0
2026-08-04 09:37,0.0,7494.37,7478.46,7492.38,2812831.0,5905818368.0
2026-08-04 09:38,0.0,7498.73,7492.51,7494.19,2343222.0,5333506560.0
2026-08-04 09:39,0.0,7493.0,7485.25,7491.86,2105705.0,4741917184.0
2026-08-04 09:40,0.0,7490.38,7484.41,7488.95,2291465.0,4662249728.0
2026-08-04 09:41,0.0,7495.47,7477.84,7477.84,3141686.0,5131767552.0
2026-08-04 09:42,0.0,7479.88,7470.54,7474.43,2350684.0,4266786112.0
2026-08-04 09:43,0.0,7482.86,7471.79,7482.47,1975243.0,4223279920.0
2026-08-04 09:44,0.0,7484.35,7475.08,7475.56,2275166.0,4359956736.0
2026-08-04 09:45,0.0,7481.32,7472.93,7480.37,1987752.0,4265038096.0
2026-08-04 09:46,0.0,7488.54,7481.5,7483.03,1805142.0,3816992176.0
2026-08-04 09:47,0.0,7496.0,7482.81,7496.0,1446158.0,3314157104.0
2026-08-04 09:48,0.0,7517.89,7495.76,7517.89,1954772.0,4463392768.0
2026-08-04 09:49,0.0,7520.94,7516.48,7516.48,1612759.0,3938136960.0
2026-08-04 09:50,0.0,7525.84,7512.67,7523.68,1566299.0,3541908480.0
2026-08-04 09:51,0.0,7540.64,7524.69,7540.64,1654826.0,3762966432.0
2026-08-04 09:52,0.0,7541.37,7533.37,7533.56,1342461.0,3414426304.0
2026-08-04 09:53,0.0,7533.08,7526.34,7526.34,1295395.0,2932579232.0
2026-08-04 09:54,0.0,7534.7,7525.47,7531.09,1520067.0,3245664016.0
2026-08-04 09:55,0.0,7532.74,7530.93,7531.81,1150473.0,2823196624.0
2026-08-04 09:56,0.0,7531.29,7521.26,7522.48,1907530.0,3507484832.0
2026-08-04 09:57,0.0,7525.76,7519.28,7521.52,1236569.0,2948097552.0
2026-08-04 09:58,0.0,7526.89,7521.45,7526.89,1501877.0,3079082192.0
2026-08-04 09:59,0.0,7529.58,7521.03,7522.38,1889096.0,3445589536.0
2026-08-04 10:00,0.0,7523.81,7509.4,7509.4,1720260.0,3462955920.0
2026-08-04 10:01,0.0,7509.14,7501.24,7502.07,1476808.0,3327723904.0
2026-08-04 10:02,0.0,7506.11,7498.29,7501.13,1541071.0,3204184320.0
2026-08-04 10:03,0.0,7502.65,7495.78,7495.78,1368789.0,2914546544.0
2026-08-04 10:04,0.0,7504.36,7495.66,7504.08,1176345.0,2973902576.0
2026-08-04 10:05,0.0,7505.58,7498.47,7505.58,1255791.0,2982836752.0
2026-08-04 10:06,0.0,7505.64,7497.09,7502.24,1275025.0,2952594304.0
2026-08-04 10:07,0.0,7514.16,7500.29,7510.96,1212215.0,2900377696.0
2026-08-04 10:08,0.0,7511.9,7505.0,7511.15,1122121.0,2304585984.0
2026-08-04 10:09,0.0,7519.52,7511.1,7513.94,963573.0,2060115168.0
2026-08-04 10:10,0.0,7517.73,7513.66,7513.66,847623.0,1865324992.0
2026-08-04 10:11,0.0,7512.0,7505.31,7505.31,1125106.0,2316249888.0
2026-08-04 10:12,0.0,7504.37,7498.08,7502.15,1199011.0,2539567920.0
2026-08-04 10:13,0.0,7513.0,7502.65,7508.38,1270075.0,2499540128.0
2026-08-04 10:14,0.0,7512.43,7508.12,7510.86,1261437.0,2203827584.0
2026-08-04 10:15,0.0,7510.77,7504.73,7510.77,870144.0,1987753360.0
2026-08-04 10:16,0.0,7515.96,7510.08,7515.96,821583.0,1655650320.0
2026-08-04 10:17,0.0,7517.39,7510.89,7512.72,812582.0,1696497712.0
2026-08-04 10:18,0.0,7512.78,7508.98,7512.38,693881.0,1516258048.0
2026-08-04 10:19,0.0,7518.75,7511.83,7518.75,682572.0,1430540448.0
2026-08-04 10:20,0.0,7526.12,7515.31,7526.12,720663.0,1662625504.0
2026-08-04 10:21,0.0,7529.85,7524.58,7524.63,766300.0,1845041152.0
2026-08-04 10:22,0.0,7525.52,7515.07,7515.07,693935.0,1550549056.0
2026-08-04 10:23,0.0,7516.4,7512.17,7513.36,654311.0,1472425184.0
2026-08-04 10:24,0.0,7515.83,7513.16,7513.83,559135.0,1191086192.0
2026-08-04 10:25,0.0,7514.78,7508.98,7508.98,567714.0,1205678544.0
2026-08-04 10:26,0.0,7509.52,7505.23,7508.55,513482.0,1283450816.0
2026-08-04 10:27,0.0,7517.5,7511.02,7517.5,531869.0,1260635328.0
2026-08-04 10:28,0.0,7522.34,7518.17,7521.83,543474.0,1329645792.0
2026-08-04 10:29,0.0,7525.22,7521.68,7524.35,476008.0,1159446432.0
2026-08-04 10:30,0.0,7523.2,7520.01,7520.48,546077.0,1089985568.0
2026-08-04 10:31,0.0,7526.98,7519.13,7526.93,805605.0,1435369264.0
2026-08-04 10:32,0.0,7527.68,7525.92,7525.92,872551.0,1727223424.0
2026-08-04 10:33,0.0,7525.79,7522.31,7523.73,701933.0,1512974640.0
2026-08-04 10:34,0.0,7523.1,7518.16,7518.16,612974.0,1302356976.0
2026-08-04 10:35,0.0,7524.36,7518.75,7523.05,616711.0,1293302976.0
2026-08-04 10:36,0.0,7528.29,7522.45,7528.29,600218.0,1219034544.0
2026-08-04 10:37,0.0,7536.77,7528.42,7533.92,599365.0,1456842960.0
2026-08-04 10:38,0.0,7538.62,7533.86,7538.12,496162.0,1180430032.0
2026-08-04 10:39,0.0,7543.88,7538.9,7543.88,506086.0,1318598176.0
2026-08-04 10:40,0.0,7546.39,7541.07,7541.85,638656.0,1472412688.0
2026-08-04 10:41,0.0,7553.21,7542.0,7550.72,647353.0,1858979680.0
2026-08-04 10:42,0.0,7550.17,7537.98,7537.98,648567.0,1544656112.0
2026-08-04 10:43,0.0,7539.58,7532.34,7536.82,588708.0,1424946288.0
2026-08-04 10:44,0.0,7538.7,7536.38,7537.2,455861.0,1096277232.0
2026-08-04 10:45,0.0,7544.06,7539.94,7541.24,512122.0,1378099840.0
2026-08-04 10:46,0.0,7542.61,7540.75,7541.33,649099.0,1802492384.0
2026-08-04 10:47,0.0,7543.83,7539.08,7543.27,489150.0,1176489760.0
2026-08-04 10:48,0.0,7549.78,7542.83,7549.78,575547.0,1376462848.0
2026-08-04 10:49,0.0,7553.49,7548.66,7552.32,537045.0,1510534960.0
2026-08-04 10:50,0.0,7553.12,7546.55,7546.94,449559.0,1259232960.0
2026-08-04 10:51,0.0,7546.74,7541.2,7541.77,531073.0,1287103664.0
2026-08-04 10:52,0.0,7541.9,7537.88,7537.88,439217.0,1022438912.0
2026-08-04 10:53,0.0,7540.74,7534.01,7534.01,486370.0,1368746736.0
2026-08-04 10:54,0.0,7537.29,7533.83,7536.93,403097.0,915971440.0
2026-08-04 10:55,0.0,7536.85,7533.9,7534.04,365073.0,788570288.0
2026-08-04 10:56,0.0,7539.48,7533.88,7537.14,398697.0,881142640.0
2026-08-04 10:57,0.0,7541.57,7535.71,7541.2,442908.0,980019440.0
2026-08-04 10:58,0.0,7547.75,7539.91,7547.75,415144.0,1010461616.0
2026-08-04 10:59,0.0,7547.77,7538.4,7538.4,408944.0,942073600.0
2026-08-04 11:00,0.0,7538.17,7533.56,7533.7,414036.0,1003024848.0
2026-08-04 11:01,0.0,7533.37,7530.06,7530.06,471783.0,1089571376.0
2026-08-04 11:02,0.0,7531.78,7528.94,7529.2,470456.0,1041007248.0
2026-08-04 11:03,0.0,7529.41,7521.88,7521.88,390413.0,1064672160.0
2026-08-04 11:04,0.0,7523.94,7520.02,7523.28,354157.0,937137504.0
2026-08-04 11:05,0.0,7524.11,7522.34,7523.96,311843.0,811748080.0
2026-08-04 11:06,0.0,7526.69,7523.96,7525.73,414912.0,794627696.0
2026-08-04 11:07,0.0,7527.83,7522.78,7527.83,388098.0,860481664.0
2026-08-04 11:08,0.0,7536.79,7527.52,7536.79,376833.0,782496608.0
2026-08-04 11:09,0.0,7545.96,7536.86,7545.96,459070.0,994212960.0
2026-08-04 11:10,0.0,7549.46,7542.35,7549.46,424745.0,1009810016.0
2026-08-04 11:11,0.0,7553.2,7549.77,7551.85,396934.0,1053783360.0
2026-08-04 11:12,0.0,7554.52,7549.5,7550.94,449033.0,1084737888.0
2026-08-04 11:13,0.0,7549.37,7543.79,7544.91,381230.0,923626464.0
2026-08-04 11:14,0.0,7549.51,7544.75,7548.16,407241.0,919934480.0
2026-08-04 11:15,0.0,7553.77,7547.85,7553.77,379696.0,921382608.0
2026-08-04 11:16,0.0,7559.42,7553.63,7556.18,609519.0,1548928432.0
2026-08-04 11:17,0.0,7555.49,7546.55,7546.55,400620.0,997298944.0
2026-08-04 11:18,0.0,7549.62,7545.48,7547.05,354334.0,808154224.0
2026-08-04 11:19,0.0,7552.08,7546.52,7551.45,331465.0,783991008.0
2026-08-04 11:20,0.0,7557.13,7550.79,7557.13,340551.0,834296752.0
2026-08-04 11:21,0.0,7560.96,7557.45,7558.34,429262.0,1088358432.0
2026-08-04 11:22,0.0,7562.94,7558.57,7562.43,351192.0,1025510560.0
2026-08-04 11:23,0.0,7562.47,7559.77,7561.88,365478.0,908737952.0
2026-08-04 11:24,0.0,7563.4,7557.73,7559.61,341182.0,908622720.0
2026-08-04 11:25,0.0,7563.16,7560.0,7561.91,300714.0,821137632.0
2026-08-04 11:26,0.0,7568.97,7561.63,7568.75,426722.0,1090405568.0
2026-08-04 11:27,0.0,7571.26,7568.92,7571.14,402972.0,1157934144.0
2026-08-04 11:28,0.0,7572.13,7569.98,7571.93,399827.0,1177424912.0
2026-08-04 11:29,0.0,7577.07,7571.88,7577.03,424203.0,1379233824.0
2026-08-04 11:30,0.0,7585.9,7577.46,7583.5,600844.0,1850305504.0
2026-08-04 13:01,0.0,7592.73,7579.4,7592.73,2065361.0,5285185792.0
2026-08-04 13:02,0.0,7592.79,7588.75,7590.01,874977.0,2314337424.0
2026-08-04 13:03,0.0,7592.83,7589.3,7591.95,570795.0,1647924016.0
2026-08-04 13:04,0.0,7602.16,7592.79,7601.43,648840.0,2058877456.0
2026-08-04 13:05,0.0,7600.72,7594.02,7594.02,711620.0,1801831264.0
2026-08-04 13:06,0.0,7594.02,7586.88,7591.84,754857.0,1828590320.0
2026-08-04 13:07,0.0,7592.87,7587.91,7588.86,613041.0,1474701792.0
2026-08-04 13:08,0.0,7591.44,7586.22,7586.38,511777.0,1356350080.0
2026-08-04 13:09,0.0,7590.09,7586.63,7589.87,519545.0,1293601552.0
2026-08-04 13:10,0.0,7592.67,7587.61,7587.61,505293.0,1410227072.0
2026-08-04 13:11,0.0,7587.55,7582.12,7582.12,651801.0,1431304320.0
2026-08-04 13:12,0.0,7590.42,7582.94,7589.64,513841.0,1319565104.0
2026-08-04 13:13,0.0,7589.01,7578.24,7579.44,526334.0,1334856160.0
2026-08-04 13:14,0.0,7582.38,7577.63,7578.89,529898.0,1154026048.0
2026-08-04 13:15,0.0,7585.9,7576.89,7585.9,437911.0,1080222784.0
2026-08-04 13:16,0.0,7589.29,7586.35,7588.63,650226.0,1364809440.0
2026-08-04 13:17,0.0,7591.81,7584.78,7584.78,566177.0,1365049472.0
2026-08-04 13:18,0.0,7584.94,7581.76,7584.94,452808.0,1061212064.0
2026-08-04 13:19,0.0,7586.06,7579.82,7579.82,428782.0,1025996816.0
2026-08-04 13:20,0.0,7579.84,7574.25,7576.44,535588.0,1265268496.0
2026-08-04 13:21,0.0,7580.61,7575.38,7580.61,525898.0,1161650288.0
2026-08-04 13:22,0.0,7587.58,7581.3,7586.84,456334.0,1220862112.0
2026-08-04 13:23,0.0,7589.1,7584.9,7588.4,548131.0,1199487216.0
2026-08-04 13:24,0.0,7592.36,7588.46,7592.36,463696.0,1154506880.0
2026-08-04 13:25,0.0,7593.83,7589.59,7592.13,467591.0,1279714384.0
2026-08-04 13:26,0.0,7599.54,7592.14,7599.54,543526.0,1226233712.0
2026-08-04 13:27,0.0,7602.69,7599.63,7602.69,608503.0,2074411728.0
2026-08-04 13:28,0.0,7602.43,7600.74,7601.51,500582.0,1296893200.0
2026-08-04 13:29,0.0,7603.17,7600.4,7600.4,494315.0,1311772288.0
2026-08-04 13:30,0.0,7605.18,7600.03,7605.18,475214.0,1172530448.0
2026-08-04 13:31,0.0,7612.69,7605.73,7612.69,673694.0,1773712064.0
2026-08-04 13:32,0.0,7618.26,7613.22,7617.38,744502.0,1867318608.0
2026-08-04 13:33,0.0,7620.2,7617.37,7617.71,605254.0,1793915904.0
2026-08-04 13:34,0.0,7617.84,7613.12,7615.16,527722.0,1377353248.0
2026-08-04 13:35,0.0,7615.81,7612.8,7614.25,541852.0,1242988416.0
2026-08-04 13:36,0.0,7615.47,7610.5,7613.6,469055.0,1215457216.0
2026-08-04 13:37,0.0,7617.11,7612.97,7616.96,464796.0,1159289872.0
2026-08-04 13:38,0.0,7622.4,7617.79,7622.4,511214.0,1314188608.0
2026-08-04 13:39,0.0,7633.15,7624.12,7633.15,806117.0,1766145264.0
2026-08-04 13:40,0.0,7633.12,7628.06,7628.2,765395.0,1697731440.0
2026-08-04 13:41,0.0,7630.96,7628.07,7629.16,660606.0,1518266208.0
2026-08-04 13:42,0.0,7629.39,7627.36,7628.67,568107.0,1166336016.0
2026-08-04 13:43,0.0,7629.05,7622.75,7624.56,521152.0,1285452784.0
2026-08-04 13:44,0.0,7625.31,7623.46,7624.42,412633.0,973829696.0
2026-08-04 13:45,0.0,7631.07,7624.43,7629.44,557986.0,1300539632.0
2026-08-04 13:46,0.0,7634.33,7629.49,7634.19,482300.0,1228680784.0
2026-08-04 13:47,0.0,7638.95,7634.24,7635.48,595849.0,1442124784.0
2026-08-04 13:48,0.0,7637.97,7635.59,7636.79,668925.0,1229905680.0
2026-08-04 13:49,0.0,7638.71,7634.76,7637.57,597984.0,1287191072.0
2026-08-04 13:50,0.0,7638.19,7632.07,7632.07,602516.0,1239847776.0
2026-08-04 13:51,0.0,7632.64,7628.51,7632.1,545946.0,1303561440.0
2026-08-04 13:52,0.0,7632.46,7625.35,7625.98,549701.0,1124735872.0
2026-08-04 13:53,0.0,7632.9,7625.51,7632.9,590848.0,1138196144.0
2026-08-04 13:54,0.0,7634.44,7632.87,7633.01,525661.0,947725920.0
2026-08-04 13:55,0.0,7633.92,7630.75,7632.59,571779.0,1047150000.0
2026-08-04 13:56,0.0,7632.47,7628.57,7628.57,430653.0,968268736.0
2026-08-04 13:57,0.0,7632.06,7627.7,7632.06,460188.0,982211552.0
2026-08-04 13:58,0.0,7631.99,7627.51,7627.51,453699.0,979991440.0
2026-08-04 13:59,0.0,7629.79,7626.78,7629.79,384390.0,906841456.0
2026-08-04 14:00,0.0,7634.0,7629.36,7634.0,512052.0,1145451952.0
2026-08-04 14:01,0.0,7645.15,7633.75,7644.6,919764.0,1952659568.0
2026-08-04 14:02,0.0,7645.48,7641.98,7642.66,669962.0,1503206608.0
2026-08-04 14:03,0.0,7642.65,7637.05,7637.87,641269.0,1295203376.0
2026-08-04 14:04,0.0,7639.2,7635.33,7638.02,444811.0,1048053776.0
2026-08-04 14:05,0.0,7638.69,7636.23,7638.63,403740.0,922747088.0
2026-08-04 14:06,0.0,7638.63,7634.64,7634.64,433592.0,968541056.0
2026-08-04 14:07,0.0,7637.96,7633.61,7637.66,419621.0,881785616.0
2026-08-04 14:08,0.0,7640.1,7636.61,7638.79,441711.0,922726720.0
2026-08-04 14:09,0.0,7641.59,7637.45,7640.45,417797.0,846921600.0
2026-08-04 14:10,0.0,7642.2,7639.69,7641.58,506829.0,1032444736.0
2026-08-04 14:11,0.0,7641.59,7639.02,7640.96,439304.0,1003530544.0
2026-08-04 14:12,0.0,7641.12,7639.62,7640.75,431871.0,900015872.0
2026-08-04 14:13,0.0,7640.64,7636.63,7636.73,464669.0,1015980656.0
2026-08-04 14:14,0.0,7640.23,7636.18,7639.02,443495.0,1036169840.0
2026-08-04 14:15,0.0,7638.74,7623.96,7623.96,1088936.0,1808768464.0
2026-08-04 14:16,0.0,7623.54,7611.89,7611.89,1045949.0,2102268752.0
2026-08-04 14:17,0.0,7615.52,7610.77,7610.77,901244.0,1862959056.0
2026-08-04 14:18,0.0,7613.69,7610.77,7611.93,642218.0,1295668064.0
2026-08-04 14:19,0.0,7611.59,7602.81,7602.81,667496.0,1407487232.0
2026-08-04 14:20,0.0,7605.17,7602.42,7605.17,558366.0,1475832880.0
2026-08-04 14:21,0.0,7611.92,7605.76,7609.69,540091.0,1214402512.0
2026-08-04 14:22,0.0,7611.47,7603.95,7603.95,455469.0,1111333856.0
2026-08-04 14:23,0.0,7604.71,7603.32,7603.54,475633.0,1055394416.0
2026-08-04 14:24,0.0,7604.77,7603.69,7604.67,464925.0,1110152592.0
2026-08-04 14:25,0.0,7609.94,7605.52,7609.94,458509.0,1075993392.0
2026-08-04 14:26,0.0,7613.13,7609.79,7613.13,437187.0,988851568.0
2026-08-04 14:27,0.0,7615.45,7612.62,7612.62,406873.0,960211536.0
2026-08-04 14:28,0.0,7616.37,7611.64,7616.2,377709.0,829369088.0
2026-08-04 14:29,0.0,7616.65,7615.02,7615.48,428469.0,808931936.0
2026-08-04 14:30,0.0,7616.41,7614.23,7614.23,411832.0,908557632.0
2026-08-04 14:31,0.0,7617.44,7610.16,7610.16,644986.0,1424252304.0
2026-08-04 14:32,0.0,7609.19,7600.82,7602.57,788333.0,1683147136.0
2026-08-04 14:33,0.0,7602.77,7598.98,7601.5,543689.0,1202258528.0
2026-08-04 14:34,0.0,7601.91,7599.2,7599.6,563916.0,1211289184.0
2026-08-04 14:35,0.0,7599.43,7590.31,7590.31,848037.0,1878021232.0
2026-08-04 14:36,0.0,7591.29,7588.18,7591.29,706120.0,1634509824.0
2026-08-04 14:37,0.0,7595.36,7591.65,7595.36,549473.0,1262221600.0
2026-08-04 14:38,0.0,7597.95,7595.03,7596.84,494912.0,1143020720.0
2026-08-04 14:39,0.0,7599.77,7596.74,7599.02,519872.0,1110178912.0
2026-08-04 14:40,0.0,7597.63,7590.93,7592.55,644039.0,1422555136.0
2026-08-04 14:41,0.0,7592.56,7588.98,7589.11,611919.0,1254832304.0
2026-08-04 14:42,0.0,7592.83,7589.72,7591.86,590912.0,1211049632.0
2026-08-04 14:43,0.0,7593.44,7589.73,7593.25,636198.0,1267050480.0
2026-08-04 14:44,0.0,7593.35,7586.97,7588.29,891166.0,1536948928.0
2026-08-04 14:45,0.0,7589.05,7585.6,7586.49,783324.0,1409413552.0
2026-08-04 14:46,0.0,7591.86,7587.11,7591.86,779374.0,1525504512.0
2026-08-04 14:47,0.0,7593.84,7590.99,7593.84,742133.0,1399952848.0
2026-08-04 14:48,0.0,7595.55,7591.52,7592.67,761792.0,1587184800.0
2026-08-04 14:49,0.0,7592.93,7589.54,7590.09,848882.0,1573406736.0
2026-08-04 14:50,0.0,7593.95,7591.3,7593.62,901518.0,1523901088.0
2026-08-04 14:51,0.0,7597.28,7593.52,7596.04,1073877.0,1975925536.0
2026-08-04 14:52,0.0,7601.45,7596.49,7601.45,993332.0,1909689792.0
2026-08-04 14:53,0.0,7603.25,7600.82,7603.25,1172725.0,2126915888.0
2026-08-04 14:54,0.0,7603.73,7601.09,7603.28,1211959.0,2229852048.0
2026-08-04 14:55,0.0,7604.11,7602.01,7603.36,1266701.0,2339371184.0
2026-08-04 14:56,0.0,7606.1,7603.3,7605.49,1529853.0,2778993456.0
2026-08-04 14:57,0.0,7607.98,7605.25,7607.8,1844172.0,3172409248.0
2026-08-04 14:58,0.0,7608.59,7608.0,7608.59,97220.0,183940067.0
2026-08-04 14:59,0.0,7608.59,7608.59,7608.59,0.0,0.0
2026-08-04 15:00,0.0,7608.69,7607.49,7607.49,2543086.0,4458804736.0
2026-08-05 09:30,0.0,7567.96,7567.96,7567.96,1583380.0,4197144768.0
2026-08-05 09:31,0.0,7598.71,7569.98,7598.71,5311432.0,14150684928.0
2026-08-05 09:32,0.0,7614.19,7600.9,7609.88,4265900.0,11346449152.0
2026-08-05 09:33,0.0,7625.43,7611.67,7625.43,2948799.0,7734902016.0
2026-08-05 09:34,0.0,7625.2,7618.61,7618.61,2806515.0,6914326016.0
2026-08-05 09:35,0.0,7626.27,7618.48,7626.27,2622398.0,6267415808.0
2026-08-05 09:36,0.0,7640.02,7626.74,7640.02,3276198.0,7104950016.0
2026-08-05 09:37,0.0,7656.95,7640.98,7656.27,2385845.0,6160226048.0
2026-08-05 09:38,0.0,7658.47,7649.16,7651.62,2381667.0,6442205440.0
2026-08-05 09:39,0.0,7664.76,7652.06,7664.75,2246568.0,5534811648.0
2026-08-05 09:40,0.0,7671.93,7662.94,7671.93,2438622.0,5354148352.0
2026-08-05 09:41,0.0,7684.38,7671.57,7684.38,2020018.0,5087558912.0
2026-08-05 09:42,0.0,7688.99,7684.79,7687.63,2094463.0,5165125888.0
2026-08-05 09:43,0.0,7696.48,7688.79,7695.97,1738141.0,4405957888.0
2026-08-05 09:44,0.0,7697.04,7682.74,7682.74,1949645.0,4991769600.0
2026-08-05 09:45,0.0,7690.48,7681.96,7687.62,1655968.0,4292428512.0
2026-08-05 09:46,0.0,7699.71,7687.0,7699.71,1952650.0,4236413264.0
2026-08-05 09:47,0.0,7710.15,7698.7,7710.15,2104455.0,4768965120.0
2026-08-05 09:48,0.0,7711.11,7705.39,7707.22,1894215.0,4601873664.0
2026-08-05 09:49,0.0,7707.89,7698.16,7698.16,1835679.0,4403351552.0
2026-08-05 09:50,0.0,7701.94,7695.09,7697.28,1819448.0,4018324496.0
2026-08-05 09:51,0.0,7698.5,7686.59,7688.19,2194765.0,4424049408.0
2026-08-05 09:52,0.0,7698.21,7682.18,7698.21,1755354.0,4107020784.0
2026-08-05 09:53,0.0,7699.97,7692.57,7699.97,1396845.0,3429934400.0
2026-08-05 09:54,0.0,7704.97,7697.86,7704.55,1406709.0,3278800768.0
2026-08-05 09:55,0.0,7706.34,7694.16,7694.16,1364378.0,3100974048.0
2026-08-05 09:56,0.0,7695.44,7686.06,7686.06,1426612.0,3210728896.0
2026-08-05 09:57,0.0,7696.85,7685.6,7696.55,1254502.0,3055336960.0
2026-08-05 09:58,0.0,7714.27,7698.17,7714.27,1515044.0,3156904704.0
2026-08-05 09:59,0.0,7718.39,7707.73,7707.73,1475884.0,3654599184.0
2026-08-05 10:00,0.0,7707.64,7701.59,7701.97,1356564.0,3013886496.0
2026-08-05 10:01,0.0,7703.29,7697.89,7699.45,1274091.0,3178410800.0
2026-08-05 10:02,0.0,7708.25,7698.75,7707.06,1440814.0,3096570704.0
2026-08-05 10:03,0.0,7708.6,7703.0,7708.09,1240469.0,2904491024.0
2026-08-05 10:04,0.0,7711.48,7704.4,7704.4,1098387.0,2682139216.0
2026-08-05 10:05,0.0,7707.31,7704.1,7706.08,996169.0,2559424080.0
2026-08-05 10:06,0.0,7709.93,7701.13,7709.19,1039052.0,2713711360.0
2026-08-05 10:07,0.0,7708.02,7697.08,7697.08,1137603.0,2662947456.0
2026-08-05 10:08,0.0,7699.01,7686.57,7686.57,1565225.0,3477350592.0
2026-08-05 10:09,0.0,7689.42,7685.03,7685.92,1186367.0,2853744064.0
2026-08-05 10:10,0.0,7694.46,7688.08,7692.77,936708.0,2479598816.0
2026-08-05 10:11,0.0,7693.74,7683.41,7683.41,1036475.0,2746282784.0
2026-08-05 10:12,0.0,7682.83,7674.16,7674.34,1172143.0,3182730016.0
2026-08-05 10:13,0.0,7674.37,7669.08,7669.26,1729731.0,3601606576.0
2026-08-05 10:14,0.0,7668.55,7657.74,7657.74,1706560.0,4008862368.0
2026-08-05 10:15,0.0,7675.8,7657.3,7675.8,1527733.0,3729991024.0
2026-08-05 10:16,0.0,7677.65,7666.54,7666.54,1420138.0,3385059664.0
2026-08-05 10:17,0.0,7665.72,7655.8,7658.3,1263499.0,3278316144.0
2026-08-05 10:18,0.0,7672.15,7656.16,7667.79,1167610.0,3052882096.0
2026-08-05 10:19,0.0,7673.21,7666.54,7672.4,1095411.0,2377849088.0
2026-08-05 10:20,0.0,7684.12,7673.19,7683.34,1018578.0,2321431840.0
2026-08-05 10:21,0.0,7683.83,7672.77,7679.85,1065053.0,2652992944.0
2026-08-05 10:22,0.0,7692.48,7679.94,7691.1,1038669.0,2371549296.0
2026-08-05 10:23,0.0,7692.09,7687.05,7691.37,1238351.0,2391812432.0
2026-08-05 10:24,0.0,7701.79,7691.76,7701.79,1098971.0,1776141904.0
2026-08-05 10:25,0.0,7708.0,7700.36,7700.93,864958.0,2099499584.0
2026-08-05 10:26,0.0,7700.06,7691.56,7692.87,859370.0,1885762432.0
2026-08-05 10:27,0.0,7700.95,7692.57,7692.57,914137.0,1918374992.0
2026-08-05 10:28,0.0,7699.03,7692.01,7699.03,800304.0,1578897904.0
2026-08-05 10:29,0.0,7707.13,7699.81,7707.13,729284.0,1588838336.0
2026-08-05 10:30,0.0,7706.44,7702.24,7704.99,802705.0,1776418592.0
2026-08-05 10:31,0.0,7705.65,7693.55,7693.55,928830.0,1993780896.0
2026-08-05 10:32,0.0,7694.96,7690.58,7692.85,1039387.0,2188045168.0
2026-08-05 10:33,0.0,7700.83,7691.58,7694.14,1060290.0,1763208224.0
2026-08-05 10:34,0.0,7704.84,7694.41,7702.68,825226.0,1745567072.0
2026-08-05 10:35,0.0,7705.95,7700.71,7704.58,745204.0,1646074784.0
2026-08-05 10:36,0.0,7712.3,7699.3,7712.3,631137.0,1630174368.0
2026-08-05 10:37,0.0,7718.41,7711.7,7718.24,625999.0,1636449248.0
2026-08-05 10:38,0.0,7722.39,7718.22,7720.66,668285.0,1652638512.0
2026-08-05 10:39,0.0,7721.16,7716.07,7716.64,744962.0,1712740432.0
2026-08-05 10:40,0.0,7718.51,7711.85,7718.21,566406.0,1461982576.0
2026-08-05 10:41,0.0,7721.78,7717.31,7719.78,685933.0,1661520800.0
2026-08-05 10:42,0.0,7728.42,7718.72,7725.16,684359.0,1579116320.0
2026-08-05 10:43,0.0,7734.19,7726.5,7734.19,561124.0,1514857616.0
2026-08-05 10:44,0.0,7734.62,7729.38,7733.14,511330.0,1461877040.0
2026-08-05 10:45,0.0,7734.82,7729.36,7730.94,538567.0,1489937104.0
2026-08-05 10:46,0.0,7736.75,7728.57,7736.75,639723.0,1488888960.0
2026-08-05 10:47,0.0,7738.75,7734.15,7737.31,580129.0,1633547872.0
2026-08-05 10:48,0.0,7740.55,7735.64,7736.85,663920.0,1624449488.0
2026-08-05 10:49,0.0,7742.42,7737.32,7742.42,630791.0,1635209072.0
2026-08-05 10:50,0.0,7747.68,7742.34,7747.68,621052.0,1600710480.0
2026-08-05 10:51,0.0,7747.91,7742.75,7742.75,726349.0,1918490832.0
2026-08-05 10:52,0.0,7745.88,7741.65,7742.37,549036.0,1466255296.0
2026-08-05 10:53,0.0,7743.13,7738.52,7738.52,954033.0,1471906736.0
2026-08-05 10:54,0.0,7738.25,7734.98,7735.07,595413.0,1383710640.0
2026-08-05 10:55,0.0,7744.39,7735.58,7744.39,571545.0,1488599920.0
2026-08-05 10:56,0.0,7747.03,7742.04,7743.31,544242.0,1392993968.0
2026-08-05 10:57,0.0,7743.13,7735.41,7735.41,466881.0,1128791712.0
2026-08-05 10:58,0.0,7740.27,7734.62,7739.87,462185.0,1214417360.0
2026-08-05 10:59,0.0,7744.77,7740.68,7741.29,454349.0,1155073312.0
2026-08-05 11:00,0.0,7742.18,7739.53,7741.81,417214.0,1076775440.0
2026-08-05 11:01,0.0,7753.67,7741.61,7753.67,680049.0,1614319344.0
2026-08-05 11:02,0.0,7756.06,7752.43,7754.56,630835.0,1715655584.0
2026-08-05 11:03,0.0,7755.71,7749.81,7755.71,576550.0,1559660976.0
2026-08-05 11:04,0.0,7758.75,7755.18,7757.86,515749.0,1490879440.0
2026-08-05 11:05,0.0,7758.36,7754.38,7757.89,484562.0,1389916624.0
2026-08-05 11:06,0.0,7757.74,7751.31,7751.61,542461.0,1453839664.0
2026-08-05 11:07,0.0,7757.09,7750.2,7750.2,578130.0,1405358240.0
2026-08-05 11:08,0.0,7762.97,7750.98,7762.97,496583.0,1212771968.0
2026-08-05 11:09,0.0,7766.18,7762.5,7765.27,519810.0,1234872912.0
2026-08-05 11:10,0.0,7767.14,7761.62,7766.17,522621.0,1294858256.0
2026-08-05 11:11,0.0,7769.92,7766.82,7769.92,537845.0,1324310592.0
2026-08-05 11:12,0.0,7777.87,7769.81,7777.67,581615.0,1466385600.0
2026-08-05 11:13,0.0,7778.31,7773.79,7774.1,555960.0,1478590912.0
2026-08-05 11:14,0.0,7779.22,7774.25,7778.6,482748.0,1241409392.0
2026-08-05 11:15,0.0,7783.78,7778.08,7783.78,481144.0,1320423600.0
2026-08-05 11:16,0.0,7787.23,7782.98,7787.23,515260.0,1478819616.0
2026-08-05 11:17,0.0,7793.75,7787.87,7792.65,565346.0,1722583264.0
2026-08-05 11:18,0.0,7798.53,7792.62,7795.9,540818.0,1667820832.0
2026-08-05 11:19,0.0,7804.59,7796.55,7804.01,595997.0,1661959280.0
2026-08-05 11:20,0.0,7804.84,7794.25,7794.68,611713.0,1888336144.0
2026-08-05 11:21,0.0,7794.27,7788.64,7792.39,568126.0,1660533328.0
2026-08-05 11:22,0.0,7797.55,7790.91,7795.8,564814.0,1342651488.0
2026-08-05 11:23,0.0,7800.74,7794.94,7799.54,522932.0,1371306336.0
2026-08-05 11:24,0.0,7807.81,7796.29,7807.46,530497.0,1417417488.0
2026-08-05 11:25,0.0,7810.32,7805.91,7809.94,541920.0,1469160816.0
2026-08-05 11:26,0.0,7810.68,7805.79,7809.59,634833.0,1553975280.0
2026-08-05 11:27,0.0,7810.34,7800.75,7805.8,532592.0,1454623152.0
2026-08-05 11:28,0.0,7806.65,7803.51,7806.31,494911.0,1135835024.0
2026-08-05 11:29,0.0,7809.71,7805.88,7805.89,671891.0,1409416752.0
2026-08-05 11:30,0.0,7807.79,7803.23,7803.51,602445.0,1375646192.0
2026-08-05 13:01,0.0,7809.71,7804.49,7804.49,2175722.0,5477139712.0
2026-08-05 13:02,0.0,7807.15,7801.1,7804.68,910981.0,2442685504.0
2026-08-05 13:03,0.0,7803.52,7794.55,7797.42,877544.0,2074223840.0
2026-08-05 13:04,0.0,7803.15,7796.8,7799.88,613096.0,1589783344.0
2026-08-05 13:05,0.0,7803.5,7799.44,7801.08,613469.0,1697942080.0
2026-08-05 13:06,0.0,7803.28,7787.96,7787.96,880854.0,1986842256.0
2026-08-05 13:07,0.0,7786.89,7779.94,7781.25,839253.0,1878966128.0
2026-08-05 13:08,0.0,7796.46,7784.94,7789.27,731193.0,1987877600.0
2026-08-05 13:09,0.0,7791.59,7786.95,7789.79,579055.0,1433513120.0
2026-08-05 13:10,0.0,7795.61,7789.48,7795.29,561325.0,1399512400.0
2026-08-05 13:11,0.0,7796.14,7786.71,7796.14,599015.0,1657577760.0
2026-08-05 13:12,0.0,7810.67,7796.45,7810.67,742151.0,1842570208.0
2026-08-05 13:13,0.0,7818.19,7811.35,7817.5,691582.0,1942320176.0
2026-08-05 13:14,0.0,7821.08,7818.13,7818.29,701768.0,1933564864.0
2026-08-05 13:15,0.0,7817.23,7811.81,7814.25,687037.0,1689762192.0
2026-08-05 13:16,0.0,7813.24,7807.45,7810.74,677983.0,1572307088.0
2026-08-05 13:17,0.0,7824.5,7812.14,7824.5,702576.0,1461907424.0
2026-08-05 13:18,0.0,7828.64,7824.78,7827.87,739974.0,1771020400.0
2026-08-05 13:19,0.0,7831.28,7826.59,7831.28,578832.0,1866244384.0
2026-08-05 13:20,0.0,7830.71,7822.77,7827.44,588879.0,1660098144.0
2026-08-05 13:21,0.0,7832.41,7825.53,7832.41,574661.0,1515570592.0
2026-08-05 13:22,0.0,7836.65,7832.09,7834.49,561767.0,1589142480.0
2026-08-05 13:23,0.0,7837.2,7832.64,7837.07,615997.0,1564511056.0
2026-08-05 13:24,0.0,7838.04,7831.07,7834.15,610040.0,1682934464.0
2026-08-05 13:25,0.0,7836.69,7833.84,7836.69,522104.0,1324020064.0
2026-08-05 13:26,0.0,7840.05,7833.7,7840.05,576660.0,1578332688.0
2026-08-05 13:27,0.0,7842.71,7839.1,7840.1,656069.0,1709886128.0
2026-08-05 13:28,0.0,7839.4,7832.14,7832.76,737298.0,1841272848.0
2026-08-05 13:29,0.0,7834.35,7825.32,7825.32,904716.0,1843327344.0
2026-08-05 13:30,0.0,7826.22,7824.53,7825.13,796527.0,1669163376.0
2026-08-05 13:31,0.0,7829.66,7824.54,7825.31,797873.0,1838856656.0
2026-08-05 13:32,0.0,7835.91,7825.3,7835.35,638323.0,1470618160.0
2026-08-05 13:33,0.0,7836.94,7830.66,7836.93,541340.0,1372934640.0
2026-08-05 13:34,0.0,7836.96,7834.3,7836.87,517018.0,1303210672.0
2026-08-05 13:35,0.0,7837.11,7833.34,7835.0,709329.0,1654845568.0
2026-08-05 13:36,0.0,7834.63,7825.98,7827.26,682168.0,1733786480.0
2026-08-05 13:37,0.0,7828.4,7823.53,7828.05,637618.0,1599750976.0
2026-08-05 13:38,0.0,7828.39,7815.59,7815.59,732803.0,1712236832.0
2026-08-05 13:39,0.0,7819.59,7809.51,7809.51,988849.0,1961408544.0
2026-08-05 13:40,0.0,7818.35,7809.22,7818.35,792929.0,1876307136.0
2026-08-05 13:41,0.0,7826.5,7817.5,7817.5,731299.0,1611634576.0
2026-08-05 13:42,0.0,7816.87,7810.59,7810.59,523027.0,1389588144.0
2026-08-05 13:43,0.0,7815.38,7809.98,7815.38,520755.0,1358518832.0
2026-08-05 13:44,0.0,7825.97,7815.67,7825.97,586227.0,1410389040.0
2026-08-05 13:45,0.0,7829.43,7824.68,7829.23,554479.0,1377389472.0
2026-08-05 13:46,0.0,7836.1,7829.68,7836.1,665667.0,1755547184.0
2026-08-05 13:47,0.0,7840.52,7836.2,7837.95,581852.0,1604404016.0
2026-08-05 13:48,0.0,7839.48,7834.14,7834.14,580300.0,1365840304.0
2026-08-05 13:49,0.0,7835.15,7832.95,7833.37,447917.0,1105154640.0
2026-08-05 13:50,0.0,7832.92,7830.98,7832.82,447640.0,1028229232.0
2026-08-05 13:51,0.0,7839.65,7833.4,7839.65,479955.0,1119599424.0
2026-08-05 13:52,0.0,7845.39,7840.44,7844.36,503537.0,1230990672.0
2026-08-05 13:53,0.0,7844.41,7838.04,7838.04,455974.0,1144300400.0
2026-08-05 13:54,0.0,7838.55,7835.02,7837.35,430531.0,1096340480.0
2026-08-05 13:55,0.0,7837.97,7834.25,7837.97,464776.0,1074317616.0
2026-08-05 13:56,0.0,7838.64,7832.04,7832.04,473739.0,1191640688.0
2026-08-05 13:57,0.0,7832.16,7825.61,7825.73,449452.0,1190997584.0
2026-08-05 13:58,0.0,7828.52,7825.37,7828.51,468169.0,1149674816.0
2026-08-05 13:59,0.0,7834.9,7828.85,7834.9,467718.0,1006221840.0
2026-08-05 14:00,0.0,7835.29,7830.64,7831.17,473426.0,993785088.0
2026-08-05 14:01,0.0,7830.94,7824.46,7828.59,797908.0,1646939664.0
2026-08-05 14:02,0.0,7829.01,7819.28,7819.65,677404.0,1356859792.0
2026-08-05 14:03,0.0,7822.14,7810.66,7810.66,836763.0,1727803536.0
2026-08-05 14:04,0.0,7814.44,7806.73,7808.17,795045.0,1740428512.0
2026-08-05 14:05,0.0,7812.41,7808.7,7811.45,613224.0,1421483488.0
2026-08-05 14:06,0.0,7811.58,7799.26,7799.26,751298.0,1678341968.0
2026-08-05 14:07,0.0,7800.72,7795.79,7795.79,1131742.0,1987568912.0
2026-08-05 14:08,0.0,7795.05,7791.73,7792.38,861872.0,1912032976.0
2026-08-05 14:09,0.0,7791.82,7787.4,7787.6,689547.0,1695500736.0
2026-08-05 14:10,0.0,7801.89,7787.92,7801.89,768261.0,1788032400.0
2026-08-05 14:11,0.0,7804.0,7799.35,7799.35,517859.0,1270860256.0
2026-08-05 14:12,0.0,7798.88,7794.05,7794.22,505698.0,1132156544.0
2026-08-05 14:13,0.0,7794.16,7791.1,7791.65,495994.0,1145689968.0
2026-08-05 14:14,0.0,7791.74,7787.76,7787.94,466995.0,1227167664.0
2026-08-05 14:15,0.0,7787.74,7781.04,7781.97,550755.0,1401786960.0
2026-08-05 14:16,0.0,7787.16,7783.36,7786.43,615132.0,1618213568.0
2026-08-05 14:17,0.0,7786.54,7777.47,7777.67,688897.0,1407405264.0
2026-08-05 14:18,0.0,7778.05,7772.2,7777.26,874232.0,1989846368.0
2026-08-05 14:19,0.0,7775.98,7765.93,7768.0,730638.0,1848756976.0
2026-08-05 14:20,0.0,7767.91,7761.68,7763.78,845739.0,2176541072.0
2026-08-05 14:21,0.0,7775.45,7764.31,7774.28,785056.0,1969710992.0
2026-08-05 14:22,0.0,7774.41,7771.73,7772.73,483913.0,1203037664.0
2026-08-05 14:23,0.0,7772.68,7762.39,7762.39,561045.0,1356298208.0
2026-08-05 14:24,0.0,7765.21,7761.0,7764.74,584643.0,1394372752.0
2026-08-05 14:25,0.0,7775.21,7765.16,7775.21,577090.0,1354791504.0
2026-08-05 14:26,0.0,7783.14,7775.57,7783.14,670463.0,1365907136.0
2026-08-05 14:27,0.0,7784.86,7782.58,7784.69,573623.0,1316677456.0
2026-08-05 14:28,0.0,7787.59,7784.56,7785.07,508037.0,1127472640.0
2026-08-05 14:29,0.0,7787.01,7782.85,7787.01,485277.0,1028303696.0
2026-08-05 14:30,0.0,7789.71,7786.6,7789.71,484455.0,935448192.0
2026-08-05 14:31,0.0,7792.22,7787.67,7787.67,748228.0,1462878640.0
2026-08-05 14:32,0.0,7789.83,7784.41,7789.64,606035.0,1273741664.0
2026-08-05 14:33,0.0,7789.84,7786.42,7787.97,566327.0,1140650720.0
2026-08-05 14:34,0.0,7794.5,7787.5,7794.5,651977.0,1278715744.0
2026-08-05 14:35,0.0,7794.51,7792.16,7793.77,582599.0,1180295056.0
2026-08-05 14:36,0.0,7795.82,7793.38,7793.47,616711.0,1299535680.0
2026-08-05 14:37,0.0,7796.83,7793.25,7796.7,607907.0,1204486256.0
2026-08-05 14:38,0.0,7797.23,7793.2,7794.03,725439.0,1437269392.0
2026-08-05 14:39,0.0,7793.6,7787.99,7788.22,760085.0,1520513824.0
2026-08-05 14:40,0.0,7790.29,7787.88,7788.34,681186.0,1633874432.0
2026-08-05 14:41,0.0,7787.88,7785.27,7786.0,717247.0,1494486768.0
2026-08-05 14:42,0.0,7788.96,7786.23,7787.95,583626.0,1490631472.0
2026-08-05 14:43,0.0,7792.82,7787.74,7792.61,718620.0,1564896128.0
2026-08-05 14:44,0.0,7793.13,7789.94,7789.94,625290.0,1380430928.0
2026-08-05 14:45,0.0,7793.33,7790.64,7792.61,798614.0,1496991856.0
2026-08-05 14:46,0.0,7797.16,7792.51,7797.16,857161.0,1670851712.0
2026-08-05 14:47,0.0,7800.21,7797.18,7800.21,736261.0,1576330592.0
2026-08-05 14:48,0.0,7800.09,7797.31,7799.76,754183.0,1599667104.0
2026-08-05 14:49,0.0,7801.63,7800.01,7800.9,778388.0,1578042624.0
2026-08-05 14:50,0.0,7802.11,7800.68,7802.11,782048.0,1686719280.0
2026-08-05 14:51,0.0,7802.13,7799.02,7802.13,1065553.0,2171749040.0
2026-08-05 14:52,0.0,7804.33,7801.61,7804.26,940888.0,2020819552.0
2026-08-05 14:53,0.0,7804.83,7803.09,7804.58,1008475.0,2039684144.0
2026-08-05 14:54,0.0,7806.01,7804.4,7805.27,1109532.0,2282355952.0
2026-08-05 14:55,0.0,7805.57,7803.44,7805.57,1259115.0,2552178944.0
2026-08-05 14:56,0.0,7808.34,7804.69,7808.34,1460612.0,2872207488.0
2026-08-05 14:57,0.0,7809.65,7807.52,7809.65,1805688.0,3432979936.0
2026-08-05 14:58,0.0,7809.53,7808.72,7809.53,108735.0,212055130.0
2026-08-05 14:59,0.0,7809.53,7809.53,7809.53,0.0,0.0
2026-08-05 15:00,0.0,7809.71,7809.17,7809.21,2735978.0,5153697280.0
2026-08-06 09:30,0.0,7737.59,7737.59,7737.59,1496720.0,4080639136.0
2026-08-06 09:31,0.0,7742.44,7736.85,7739.89,5424339.0,14096215552.0
2026-08-06 09:32,0.0,7752.92,7740.45,7748.12,3999095.0,10261249024.0
2026-08-06 09:33,0.0,7753.52,7743.28,7753.52,3299525.0,8081042688.0
2026-08-06 09:34,0.0,7753.37,7732.73,7732.73,2734288.0,7073491712.0
2026-08-06 09:35,0.0,7733.21,7722.57,7731.33,2425129.0,6592126720.0
2026-08-06 09:36,0.0,7742.75,7731.13,7738.27,2422891.0,5839059968.0
2026-08-06 09:37,0.0,7765.46,7740.11,7764.91,2547667.0,5594246656.0
2026-08-06 09:38,0.0,7771.8,7761.87,7765.83,2861723.0,6276754176.0
2026-08-06 09:39,0.0,7768.05,7757.56,7757.56,2435187.0,5559874560.0
2026-08-06 09:40,0.0,7772.86,7757.98,7772.46,2127275.0,4983415040.0
2026-08-06 09:41,0.0,7774.53,7761.47,7764.15,2657252.0,4953170944.0
2026-08-06 09:42,0.0,7776.77,7760.88,7776.34,1796418.0,4210028512.0
2026-08-06 09:43,0.0,7787.28,7773.86,7786.0,1930255.0,4454001920.0
2026-08-06 09:44,0.0,7790.05,7781.18,7787.67,2463217.0,4570943744.0
2026-08-06 09:45,0.0,7790.33,7783.16,7787.74,1662183.0,4135647152.0
2026-08-06 09:46,0.0,7796.64,7785.92,7796.64,1539972.0,3721634864.0
2026-08-06 09:47,0.0,7796.95,7784.18,7784.18,1957585.0,4321789952.0
2026-08-06 09:48,0.0,7792.93,7783.99,7791.38,1581733.0,3560121216.0
2026-08-06 09:49,0.0,7795.62,7791.99,7794.65,1710514.0,3885301696.0
2026-08-06 09:50,0.0,7797.17,7790.52,7791.23,1472726.0,3682239120.0
2026-08-06 09:51,0.0,7793.37,7786.07,7791.63,2145269.0,3994171200.0
2026-08-06 09:52,0.0,7792.67,7786.34,7792.03,1766899.0,3761247488.0
2026-08-06 09:53,0.0,7792.48,7787.94,7787.94,1391465.0,3210779248.0
2026-08-06 09:54,0.0,7787.36,7769.99,7773.04,2413904.0,4579982848.0
2026-08-06 09:55,0.0,7780.25,7770.08,7780.25,1571865.0,3608303184.0
2026-08-06 09:56,0.0,7797.26,7778.15,7796.94,1502512.0,3630769216.0
2026-08-06 09:57,0.0,7811.62,7797.83,7811.62,1317762.0,3453784064.0
2026-08-06 09:58,0.0,7811.78,7804.49,7804.49,1449599.0,3693048192.0
2026-08-06 09:59,0.0,7808.77,7803.74,7808.77,1291083.0,2895830832.0
2026-08-06 10:00,0.0,7819.77,7809.88,7819.77,1401739.0,3382443376.0
2026-08-06 10:01,0.0,7819.74,7815.0,7815.62,1383292.0,3474358960.0
2026-08-06 10:02,0.0,7815.59,7809.37,7810.27,1082740.0,2734464048.0
2026-08-06 10:03,0.0,7816.13,7810.75,7814.39,1215374.0,2776757904.0
2026-08-06 10:04,0.0,7817.22,7810.14,7810.14,1291151.0,2779801616.0
2026-08-06 10:05,0.0,7811.91,7802.02,7803.84,1132032.0,2794956288.0
2026-08-06 10:06,0.0,7807.48,7801.04,7807.48,830413.0,2248468416.0
2026-08-06 10:07,0.0,7807.74,7801.3,7801.39,1152734.0,2574769360.0
2026-08-06 10:08,0.0,7814.65,7800.7,7813.13,931295.0,2254975344.0
2026-08-06 10:09,0.0,7816.75,7811.9,7816.75,870233.0,2032586000.0
2026-08-06 10:10,0.0,7827.82,7817.12,7827.82,1139371.0,2407406896.0
2026-08-06 10:11,0.0,7828.99,7823.43,7826.28,973514.0,2418197808.0
2026-08-06 10:12,0.0,7826.11,7816.55,7818.47,886757.0,2220826640.0
2026-08-06 10:13,0.0,7822.83,7817.6,7822.56,713063.0,1815104464.0
2026-08-06 10:14,0.0,7832.1,7820.81,7832.1,794037.0,2063227920.0
2026-08-06 10:15,0.0,7834.61,7831.52,7831.67,947839.0,2319071264.0
2026-08-06 10:16,0.0,7833.26,7823.41,7823.45,1446467.0,2614165104.0
2026-08-06 10:17,0.0,7826.79,7820.74,7826.71,1137130.0,2417808448.0
2026-08-06 10:18,0.0,7832.19,7826.95,7830.28,821555.0,2116024432.0
2026-08-06 10:19,0.0,7836.58,7828.71,7836.58,747172.0,1899817488.0
2026-08-06 10:20,0.0,7839.89,7832.59,7835.34,858700.0,2156138384.0
2026-08-06 10:21,0.0,7837.31,7830.39,7830.99,857706.0,2189972032.0
2026-08-06 10:22,0.0,7844.39,7832.02,7844.39,740416.0,2184007808.0
2026-08-06 10:23,0.0,7846.57,7842.76,7842.8,925011.0,2665181632.0
2026-08-06 10:24,0.0,7844.96,7838.9,7843.01,1077708.0,2651026352.0
2026-08-06 10:25,0.0,7845.08,7841.06,7842.68,800040.0,2139869472.0
2026-08-06 10:26,0.0,7850.08,7842.95,7849.36,764061.0,2133029264.0
2026-08-06 10:27,0.0,7855.02,7849.2,7850.7,817508.0,2520661120.0
2026-08-06 10:28,0.0,7857.72,7852.45,7857.72,1009975.0,2321288080.0
2026-08-06 10:29,0.0,7863.46,7858.49,7858.61,890819.0,2566566352.0
2026-08-06 10:30,0.0,7859.4,7856.39,7858.1,991311.0,2189017808.0
2026-08-06 10:31,0.0,7862.77,7853.24,7860.08,994778.0,2592943776.0
2026-08-06 10:32,0.0,7862.95,7858.85,7860.79,737685.0,1944080640.0
2026-08-06 10:33,0.0,7863.59,7855.8,7856.77,740404.0,2006594576.0
2026-08-06 10:34,0.0,7856.73,7853.05,7853.33,733135.0,2120388032.0
2026-08-06 10:35,0.0,7854.1,7845.7,7847.74,935571.0,2342725120.0
2026-08-06 10:36,0.0,7849.17,7839.54,7841.19,912930.0,2479676928.0
2026-08-06 10:37,0.0,7840.3,7835.12,7835.52,854689.0,2291022976.0
2026-08-06 10:38,0.0,7851.84,7835.27,7851.84,935427.0,2303231712.0
2026-08-06 10:39,0.0,7851.11,7844.42,7844.42,865533.0,1777444432.0
2026-08-06 10:40,0.0,7843.69,7828.32,7829.5,999937.0,2273091680.0
2026-08-06 10:41,0.0,7837.58,7828.21,7837.58,1082419.0,2279298864.0
2026-08-06 10:42,0.0,7848.12,7837.72,7848.12,824930.0,1995932688.0
2026-08-06 10:43,0.0,7857.39,7849.15,7857.39,788058.0,2166695008.0
2026-08-06 10:44,0.0,7861.78,7857.87,7861.42,853940.0,2314888400.0
2026-08-06 10:45,0.0,7865.59,7861.01,7865.59,679421.0,1907006752.0
2026-08-06 10:46,0.0,7866.64,7861.05,7861.07,720807.0,2028694560.0
2026-08-06 10:47,0.0,7860.29,7850.42,7853.04,929229.0,2022807344.0
2026-08-06 10:48,0.0,7859.83,7849.46,7859.69,715848.0,1820276896.0
2026-08-06 10:49,0.0,7865.93,7859.43,7863.54,1272669.0,2639914064.0
2026-08-06 10:50,0.0,7864.59,7859.35,7860.32,1168968.0,2511893216.0
2026-08-06 10:51,0.0,7867.04,7860.55,7866.62,1076539.0,2335282080.0
2026-08-06 10:52,0.0,7867.64,7860.58,7867.25,820771.0,2158179312.0
2026-08-06 10:53,0.0,7868.85,7861.72,7863.11,854093.0,2006356400.0
2026-08-06 10:54,0.0,7864.56,7860.81,7864.18,680662.0,1599562848.0
2026-08-06 10:55,0.0,7866.7,7862.86,7866.7,691590.0,1717515472.0
2026-08-06 10:56,0.0,7866.04,7856.14,7857.61,783700.0,2057564672.0
2026-08-06 10:57,0.0,7863.94,7855.69,7861.94,711077.0,1766495040.0
2026-08-06 10:58,0.0,7862.31,7850.96,7850.96,579775.0,1578248880.0
2026-08-06 10:59,0.0,7856.54,7850.73,7856.54,599427.0,1514105472.0
2026-08-06 11:00,0.0,7858.2,7847.34,7847.34,562262.0,1471495728.0
2026-08-06 11:01,0.0,7846.6,7830.48,7831.85,1021581.0,2225682704.0
2026-08-06 11:02,0.0,7835.27,7827.85,7833.68,1619526.0,2443780080.0
2026-08-06 11:03,0.0,7834.11,7827.88,7829.1,693562.0,1779467232.0
2026-08-06 11:04,0.0,7843.81,7829.44,7839.99,583529.0,1643373872.0
2026-08-06 11:05,0.0,7840.1,7832.16,7832.16,526709.0,1406184768.0
2026-08-06 11:06,0.0,7837.93,7832.49,7837.04,562513.0,1422743392.0
2026-08-06 11:07,0.0,7836.73,7820.64,7820.64,678808.0,1705646000.0
2026-08-06 11:08,0.0,7820.73,7808.84,7809.9,865379.0,2353732176.0
2026-08-06 11:09,0.0,7812.96,7807.52,7812.2,938077.0,2343842544.0
2026-08-06 11:10,0.0,7817.69,7808.55,7811.02,1254109.0,2187906848.0
2026-08-06 11:11,0.0,7820.93,7811.1,7816.74,541903.0,1643841088.0
2026-08-06 11:12,0.0,7824.22,7816.63,7824.22,458075.0,1233958144.0
2026-08-06 11:13,0.0,7826.06,7817.38,7817.44,456825.0,1255696880.0
2026-08-06 11:14,0.0,7817.97,7811.46,7816.67,445234.0,1294353920.0
2026-08-06 11:15,0.0,7816.9,7800.83,7800.83,577782.0,1515498432.0
2026-08-06 11:16,0.0,7804.39,7800.02,7802.53,655828.0,1854151280.0
2026-08-06 11:17,0.0,7805.31,7793.95,7793.95,880626.0,1699908768.0
2026-08-06 11:18,0.0,7793.44,7781.8,7781.8,1081174.0,2634222304.0
2026-08-06 11:19,0.0,7789.03,7780.52,7788.42,1002033.0,2428113104.0
2026-08-06 11:20,0.0,7787.89,7777.84,7777.84,845153.0,1547515552.0
2026-08-06 11:21,0.0,7782.36,7777.71,7780.5,719348.0,1776998736.0
2026-08-06 11:22,0.0,7790.12,7780.47,7789.74,637784.0,1517912624.0
2026-08-06 11:23,0.0,7789.83,7783.34,7789.68,582570.0,1311192784.0
2026-08-06 11:24,0.0,7790.26,7776.57,7776.57,553974.0,1379594624.0
2026-08-06 11:25,0.0,7776.44,7768.55,7768.79,966242.0,1970236192.0
2026-08-06 11:26,0.0,7770.62,7764.0,7764.0,721107.0,1865737520.0
2026-08-06 11:27,0.0,7765.14,7760.26,7760.26,671793.0,1682420848.0
2026-08-06 11:28,0.0,7768.82,7758.75,7767.81,881524.0,1946599632.0
2026-08-06 11:29,0.0,7778.22,7766.46,7778.22,738294.0,1349670496.0
2026-08-06 11:30,0.0,7787.99,7777.55,7787.99,482994.0,1154336464.0
2026-08-06 13:01,0.0,7796.42,7781.89,7796.42,1523447.0,3331198592.0
2026-08-06 13:02,0.0,7798.46,7793.49,7798.46,518961.0,1369123008.0
2026-08-06 13:03,0.0,7808.17,7800.21,7805.39,482231.0,1532440688.0
2026-08-06 13:04,0.0,7810.53,7803.37,7803.41,463184.0,1318519280.0
2026-08-06 13:05,0.0,7802.84,7795.73,7796.43,478728.0,1217573376.0
2026-08-06 13:06,0.0,7801.96,7796.21,7801.39,381243.0,1108915312.0
2026-08-06 13:07,0.0,7818.14,7801.79,7817.85,514429.0,1490240784.0
2026-08-06 13:08,0.0,7818.4,7806.81,7806.81,497449.0,1351665104.0
2026-08-06 13:09,0.0,7806.54,7798.78,7800.07,447946.0,1091538688.0
2026-08-06 13:10,0.0,7799.76,7793.21,7795.91,467039.0,1150577440.0
2026-08-06 13:11,0.0,7795.46,7783.73,7783.89,612833.0,1342067360.0
2026-08-06 13:12,0.0,7784.17,7773.4,7773.4,752957.0,1591058816.0
2026-08-06 13:13,0.0,7778.1,7772.53,7773.92,753282.0,1502482208.0
2026-08-06 13:14,0.0,7777.1,7773.57,7776.76,502623.0,1171235520.0
2026-08-06 13:15,0.0,7785.43,7774.7,7784.12,521790.0,1150315552.0
2026-08-06 13:16,0.0,7791.71,7783.36,7791.71,418373.0,975245104.0
2026-08-06 13:17,0.0,7797.05,7790.7,7792.67,435076.0,1152874176.0
2026-08-06 13:18,0.0,7794.71,7782.99,7782.99,427614.0,1039026976.0
2026-08-06 13:19,0.0,7783.07,7778.68,7778.68,513542.0,1076735200.0
2026-08-06 13:20,0.0,7778.65,7771.36,7771.44,719766.0,1316347056.0
2026-08-06 13:21,0.0,7782.77,7771.62,7782.23,667679.0,1296483712.0
2026-08-06 13:22,0.0,7781.67,7776.35,7780.38,426085.0,977018736.0
2026-08-06 13:23,0.0,7780.75,7775.34,7777.39,436782.0,974499776.0
2026-08-06 13:24,0.0,7781.24,7775.4,7777.07,421883.0,885700672.0
2026-08-06 13:25,0.0,7776.84,7770.32,7771.79,435018.0,989024528.0
2026-08-06 13:26,0.0,7773.39,7769.84,7769.84,569047.0,1033103280.0
2026-08-06 13:27,0.0,7771.67,7769.33,7769.98,479231.0,941064560.0
2026-08-06 13:28,0.0,7771.38,7765.1,7765.1,475176.0,1030167232.0
2026-08-06 13:29,0.0,7764.76,7757.39,7758.17,694832.0,1431663968.0
2026-08-06 13:30,0.0,7760.44,7756.17,7756.17,614288.0,1290106448.0
2026-08-06 13:31,0.0,7765.76,7756.58,7765.3,667853.0,1326082928.0
2026-08-06 13:32,0.0,7775.64,7764.21,7774.98,558470.0,1102152208.0
2026-08-06 13:33,0.0,7775.01,7763.72,7764.26,518483.0,1133466816.0
2026-08-06 13:34,0.0,7764.3,7757.11,7759.92,583728.0,1175697936.0
2026-08-06 13:35,0.0,7765.22,7758.55,7764.32,489512.0,997179536.0
2026-08-06 13:36,0.0,7766.7,7760.02,7760.15,479351.0,1106230416.0
2026-08-06 13:37,0.0,7761.56,7756.62,7756.62,508506.0,1229127504.0
2026-08-06 13:38,0.0,7756.35,7749.35,7750.44,520005.0,1308835936.0
2026-08-06 13:39,0.0,7756.47,7750.12,7751.01,569242.0,1361847824.0
2026-08-06 13:40,0.0,7751.91,7748.13,7748.13,387235.0,985241296.0
2026-08-06 13:41,0.0,7748.02,7741.01,7741.01,608650.0,1429304368.0
2026-08-06 13:42,0.0,7745.26,7742.03,7743.07,622710.0,1566839360.0
2026-08-06 13:43,0.0,7752.41,7743.2,7752.41,542992.0,1169772448.0
2026-08-06 13:44,0.0,7757.18,7750.88,7757.17,467225.0,1018936016.0
2026-08-06 13:45,0.0,7769.42,7757.48,7769.42,578260.0,1078810400.0
2026-08-06 13:46,0.0,7775.19,7770.27,7775.19,530737.0,1098489264.0
2026-08-06 13:47,0.0,7785.44,7776.21,7785.44,506815.0,1071498624.0
2026-08-06 13:48,0.0,7783.69,7769.69,7769.76,931863.0,1351539296.0
2026-08-06 13:49,0.0,7770.09,7763.95,7767.26,449897.0,935368016.0
2026-08-06 13:50,0.0,7771.7,7767.4,7768.92,388252.0,823587520.0
2026-08-06 13:51,0.0,7781.12,7768.17,7781.12,592966.0,913501904.0
2026-08-06 13:52,0.0,7782.3,7779.57,7780.17,719815.0,948670352.0
2026-08-06 13:53,0.0,7781.76,7776.8,7781.76,567760.0,969501248.0
2026-08-06 13:54,0.0,7788.28,7782.07,7788.28,725271.0,918145856.0
2026-08-06 13:55,0.0,7789.65,7785.04,7785.04,491641.0,921529824.0
2026-08-06 13:56,0.0,7785.91,7779.94,7782.06,482036.0,878937888.0
2026-08-06 13:57,0.0,7781.95,7773.06,7773.06,979076.0,1063765040.0
2026-08-06 13:58,0.0,7775.81,7772.88,7775.34,402523.0,738407760.0
2026-08-06 13:59,0.0,7782.87,7775.48,7782.87,451808.0,747048192.0
2026-08-06 14:00,0.0,7787.12,7783.01,7787.12,1382828.0,905745200.0
2026-08-06 14:01,0.0,7794.96,7787.45,7790.97,992964.0,1179685760.0
2026-08-06 14:02,0.0,7790.86,7779.42,7779.42,690653.0,1063165408.0
2026-08-06 14:03,0.0,7779.64,7771.22,7776.06,541140.0,1097809104.0
2026-08-06 14:04,0.0,7775.24,7770.63,7770.63,385801.0,839483760.0
2026-08-06 14:05,0.0,7770.32,7764.3,7764.3,483538.0,1088650016.0
2026-08-06 14:06,0.0,7771.28,7764.56,7767.64,554611.0,1035184864.0
2026-08-06 14:07,0.0,7769.2,7764.14,7768.98,447052.0,926529344.0
2026-08-06 14:08,0.0,7768.35,7766.41,7767.92,569481.0,892227440.0
2026-08-06 14:09,0.0,7767.91,7763.68,7763.68,550849.0,1105213664.0
2026-08-06 14:10,0.0,7762.88,7755.75,7756.46,550854.0,1364792592.0
2026-08-06 14:11,0.0,7759.55,7756.68,7757.35,489777.0,1225493184.0
2026-08-06 14:12,0.0,7760.73,7756.52,7760.52,502567.0,1049170160.0
2026-08-06 14:13,0.0,7771.45,7760.93,7771.04,618872.0,1192524576.0
2026-08-06 14:14,0.0,7773.04,7769.67,7770.1,404881.0,846497744.0
2026-08-06 14:15,0.0,7776.2,7770.02,7776.19,542518.0,887374656.0
2026-08-06 14:16,0.0,7776.91,7770.9,7770.9,433533.0,956083936.0
2026-08-06 14:17,0.0,7771.51,7766.02,7766.02,516311.0,948613552.0
2026-08-06 14:18,0.0,7767.57,7764.57,7764.87,379524.0,823490448.0
2026-08-06 14:19,0.0,7771.17,7766.21,7771.17,363571.0,850664064.0
2026-08-06 14:20,0.0,7775.52,7772.29,7775.38,397419.0,800211312.0
2026-08-06 14:21,0.0,7782.32,7775.31,7782.25,494247.0,954613312.0
2026-08-06 14:22,0.0,7791.07,7782.32,7790.68,468073.0,970623856.0
2026-08-06 14:23,0.0,7790.88,7786.75,7790.01,460677.0,1088375776.0
2026-08-06 14:24,0.0,7796.44,7790.19,7796.44,358090.0,874831472.0
2026-08-06 14:25,0.0,7799.8,7796.16,7798.44,439513.0,968404320.0
2026-08-06 14:26,0.0,7797.96,7793.81,7794.54,408527.0,978081552.0
2026-08-06 14:27,0.0,7798.12,7792.53,7798.12,465943.0,983561056.0
2026-08-06 14:28,0.0,7801.95,7797.82,7801.95,379271.0,930830368.0
2026-08-06 14:29,0.0,7802.04,7796.77,7796.77,471452.0,993041376.0
2026-08-06 14:30,0.0,7806.95,7797.31,7806.95,463994.0,1115253680.0
2026-08-06 14:31,0.0,7815.35,7807.9,7815.35,592326.0,1477040896.0
2026-08-06 14:32,0.0,7814.64,7805.1,7808.49,647237.0,1465132880.0
2026-08-06 14:33,0.0,7811.85,7806.69,7811.85,554084.0,1106930736.0
2026-08-06 14:34,0.0,7817.45,7807.52,7817.41,507655.0,1247966384.0
2026-08-06 14:35,0.0,7822.41,7818.72,7822.29,480907.0,1300948080.0
2026-08-06 14:36,0.0,7829.91,7822.68,7825.31,811105.0,1840760416.0
2026-08-06 14:37,0.0,7826.03,7819.41,7820.99,680656.0,1541965536.0
2026-08-06 14:38,0.0,7821.24,7815.82,7816.1,499686.0,1283639408.0
2026-08-06 14:39,0.0,7817.24,7812.77,7812.77,486107.0,1343762576.0
2026-08-06 14:40,0.0,7811.32,7804.31,7804.31,550661.0,1280152960.0
2026-08-06 14:41,0.0,7807.83,7803.67,7807.05,643741.0,1419199472.0
2026-08-06 14:42,0.0,7813.87,7807.48,7811.34,568884.0,1401533440.0
2026-08-06 14:43,0.0,7810.81,7800.37,7801.24,724384.0,1535529008.0
2026-08-06 14:44,0.0,7806.06,7801.63,7806.06,500544.0,1197007360.0
2026-08-06 14:45,0.0,7809.59,7805.76,7808.06,547189.0,1259926976.0
2026-08-06 14:46,0.0,7808.19,7805.53,7805.97,595916.0,1419066928.0
2026-08-06 14:47,0.0,7810.18,7806.33,7810.18,599818.0,1419304400.0
2026-08-06 14:48,0.0,7812.95,7810.14,7812.65,625125.0,1551169520.0
2026-08-06 14:49,0.0,7813.57,7812.26,7813.16,742296.0,1773954000.0
2026-08-06 14:50,0.0,7815.77,7812.77,7815.69,823038.0,1819646832.0
2026-08-06 14:51,0.0,7820.38,7815.67,7819.66,997050.0,2406087728.0
2026-08-06 14:52,0.0,7821.51,7819.52,7820.69,875548.0,1970128784.0
2026-08-06 14:53,0.0,7826.0,7821.43,7826.0,1044300.0,2235425904.0
2026-08-06 14:54,0.0,7826.37,7823.81,7826.27,1037463.0,2460295072.0
2026-08-06 14:55,0.0,7828.06,7825.84,7828.0,1153628.0,2641881024.0
2026-08-06 14:56,0.0,7828.58,7827.0,7827.6,1429190.0,3186827552.0
2026-08-06 14:57,0.0,7829.61,7827.12,7829.61,1551705.0,3198094304.0
2026-08-06 14:58,0.0,7830.72,7830.24,7830.72,91403.0,215591167.0
2026-08-06 14:59,0.0,7830.72,7830.72,7830.72,0.0,0.0
2026-08-06 15:00,0.0,7830.72,7829.36,7829.36,2145170.0,4522020096.0
2026-08-07 09:30,0.0,7828.79,7828.79,7828.79,1800158.0,3923299392.0
2026-08-07 09:31,0.0,7837.59,7824.71,7825.83,5278225.0,12704344832.0
2026-08-07 09:32,0.0,7836.77,7825.01,7828.71,4298069.0,11043326976.0
2026-08-07 09:33,0.0,7841.55,7828.71,7841.0,2798391.0,7441852160.0
2026-08-07 09:34,0.0,7842.3,7836.95,7840.81,2583548.0,7029524480.0
2026-08-07 09:35,0.0,7839.38,7834.36,7834.36,2459363.0,6381465088.0
2026-08-07 09:36,0.0,7841.97,7832.98,7832.98,2706151.0,6736454656.0
2026-08-07 09:37,0.0,7850.49,7833.65,7850.42,2469172.0,6117827840.0
2026-08-07 09:38,0.0,7856.61,7849.59,7856.61,1950582.0,4885467904.0
2026-08-07 09:39,0.0,7858.59,7842.79,7843.38,2197820.0,5369065216.0
2026-08-07 09:40,0.0,7843.71,7838.05,7839.01,2441932.0,4957674240.0
2026-08-07 09:41,0.0,7841.34,7831.82,7833.89,2990168.0,5357042944.0
2026-08-07 09:42,0.0,7838.05,7819.84,7819.84,2261004.0,5513843968.0
2026-08-07 09:43,0.0,7821.11,7817.15,7818.47,2214021.0,5227773952.0
2026-08-07 09:44,0.0,7819.73,7813.08,7813.58,1706952.0,4447546112.0
2026-08-07 09:45,0.0,7813.13,7794.14,7794.14,1994994.0,5292112640.0
2026-08-07 09:46,0.0,7795.44,7791.87,7791.87,2213435.0,5219003136.0
2026-08-07 09:47,0.0,7789.04,7771.09,7771.09,2011570.0,4930610176.0
2026-08-07 09:48,0.0,7782.22,7763.53,7782.22,2239204.0,5824817408.0
2026-08-07 09:49,0.0,7794.27,7779.44,7793.37,1890711.0,4398833920.0
2026-08-07 09:50,0.0,7811.41,7794.75,7811.41,1473766.0,3544069344.0
2026-08-07 09:51,0.0,7812.8,7794.32,7798.52,1488542.0,3659261984.0
2026-08-07 09:52,0.0,7815.49,7796.41,7815.49,1162676.0,2994020832.0
2026-08-07 09:53,0.0,7818.88,7814.32,7816.1,1232168.0,3112164912.0
2026-08-07 09:54,0.0,7817.89,7806.96,7809.89,1209501.0,3148855824.0
2026-08-07 09:55,0.0,7811.04,7805.36,7811.04,1291189.0,3103018688.0
2026-08-07 09:56,0.0,7826.53,7807.98,7825.64,1461480.0,3350965152.0
2026-08-07 09:57,0.0,7837.67,7826.58,7837.67,1222906.0,3192010976.0
2026-08-07 09:58,0.0,7839.09,7830.75,7835.07,1301213.0,3415638688.0
2026-08-07 09:59,0.0,7843.89,7835.5,7843.29,1084568.0,3196072736.0
2026-08-07 10:00,0.0,7845.38,7841.8,7841.8,1091807.0,3148785920.0
2026-08-07 10:01,0.0,7858.24,7840.79,7858.08,1334656.0,3432110016.0
2026-08-07 10:02,0.0,7866.61,7857.46,7866.61,1347191.0,3603942880.0
2026-08-07 10:03,0.0,7866.58,7858.22,7858.83,1486532.0,3410148336.0
2026-08-07 10:04,0.0,7861.2,7854.31,7855.37,1193882.0,2852647216.0
2026-08-07 10:05,0.0,7865.93,7853.9,7865.79,999564.0,2580798416.0
2026-08-07 10:06,0.0,7874.16,7867.66,7873.53,1023576.0,2626450304.0
2026-08-07 10:07,0.0,7873.15,7867.11,7869.42,1213931.0,2880825376.0
2026-08-07 10:08,0.0,7875.85,7868.76,7875.85,862068.0,3248998192.0
2026-08-07 10:09,0.0,7876.91,7870.12,7871.24,853832.0,2628356496.0
2026-08-07 10:10,0.0,7878.76,7870.81,7878.76,885409.0,2437952496.0
2026-08-07 10:11,0.0,7879.83,7876.4,7879.83,1326135.0,2824935312.0
2026-08-07 10:12,0.0,7883.91,7879.86,7883.66,962729.0,2685919248.0
2026-08-07 10:13,0.0,7889.0,7883.79,7886.89,981651.0,2873093296.0
2026-08-07 10:14,0.0,7886.58,7880.2,7880.2,833418.0,2503130624.0
2026-08-07 10:15,0.0,7884.4,7879.55,7883.58,765030.0,2166232096.0
2026-08-07 10:16,0.0,7891.61,7884.2,7891.61,945363.0,2568221920.0
2026-08-07 10:17,0.0,7897.53,7891.85,7896.99,1173397.0,3065562208.0
2026-08-07 10:18,0.0,7897.66,7894.93,7895.35,948315.0,2563623456.0
2026-08-07 10:19,0.0,7902.03,7893.5,7900.61,822220.0,2642993904.0
2026-08-07 10:20,0.0,7901.6,7898.17,7899.08,764029.0,2372130208.0
2026-08-07 10:21,0.0,7900.84,7894.89,7894.89,929229.0,2478074224.0
2026-08-07 10:22,0.0,7895.07,7892.05,7894.6,844819.0,2334164272.0
2026-08-07 10:23,0.0,7899.5,7892.12,7899.5,919689.0,2366536800.0
2026-08-07 10:24,0.0,7909.6,7899.61,7909.6,941743.0,2854427328.0
2026-08-07 10:25,0.0,7910.74,7905.04,7905.17,839769.0,2386809360.0
2026-08-07 10:26,0.0,7903.71,7899.31,7899.31,785243.0,2217153776.0
2026-08-07 10:27,0.0,7898.92,7892.07,7892.77,835614.0,2284050416.0
2026-08-07 10:28,0.0,7893.01,7886.43,7886.43,838954.0,2097232800.0
2026-08-07 10:29,0.0,7895.59,7886.11,7894.77,722495.0,1882489200.0
2026-08-07 10:30,0.0,7898.21,7895.29,7896.53,683787.0,1766737776.0
2026-08-07 10:31,0.0,7903.36,7896.03,7903.36,802415.0,1889399600.0
2026-08-07 10:32,0.0,7910.52,7901.84,7908.91,766200.0,2040675824.0
2026-08-07 10:33,0.0,7912.36,7907.31,7908.86,776966.0,2103100128.0
2026-08-07 10:34,0.0,7909.19,7905.56,7905.56,744207.0,1963391360.0
2026-08-07 10:35,0.0,7908.36,7904.16,7904.44,659717.0,1788508272.0
2026-08-07 10:36,0.0,7918.74,7905.45,7915.22,775100.0,1936273072.0
2026-08-07 10:37,0.0,7918.55,7914.65,7918.55,634176.0,1523856368.0
2026-08-07 10:38,0.0,7925.3,7918.07,7925.13,676706.0,1866507776.0
2026-08-07 10:39,0.0,7926.76,7921.4,7922.61,799248.0,1891379712.0
2026-08-07 10:40,0.0,7927.13,7922.67,7926.56,631159.0,1822389184.0
2026-08-07 10:41,0.0,7925.58,7918.03,7918.03,924519.0,1988043888.0
2026-08-07 10:42,0.0,7917.44,7913.62,7913.94,658689.0,1608031088.0
2026-08-07 10:43,0.0,7922.94,7915.71,7918.21,588214.0,1749242048.0
2026-08-07 10:44,0.0,7926.52,7919.47,7926.52,554102.0,1450612752.0
2026-08-07 10:45,0.0,7926.52,7916.91,7916.91,523892.0,1579010176.0
2026-08-07 10:46,0.0,7916.12,7903.1,7903.1,955776.0,2192261248.0
2026-08-07 10:47,0.0,7906.49,7902.66,7906.37,834855.0,2032480368.0
2026-08-07 10:48,0.0,7913.47,7902.73,7902.73,662624.0,1975814016.0
2026-08-07 10:49,0.0,7908.56,7901.86,7908.2,516025.0,1459646384.0
2026-08-07 10:50,0.0,7910.29,7904.37,7908.91,503263.0,1524976576.0
2026-08-07 10:51,0.0,7915.71,7910.04,7914.04,493712.0,1393476192.0
2026-08-07 10:52,0.0,7920.55,7914.8,7919.98,496221.0,1340011312.0
2026-08-07 10:53,0.0,7918.93,7913.4,7916.63,466805.0,1416180624.0
2026-08-07 10:54,0.0,7916.51,7906.89,7906.89,509204.0,1431400768.0
2026-08-07 10:55,0.0,7906.85,7898.83,7898.83,707214.0,1745817184.0
2026-08-07 10:56,0.0,7906.2,7899.68,7902.12,830654.0,1806888944.0
2026-08-07 10:57,0.0,7906.67,7899.72,7903.07,691836.0,1777167552.0
2026-08-07 10:58,0.0,7910.02,7903.58,7909.84,535460.0,1280058448.0
2026-08-07 10:59,0.0,7911.43,7903.34,7903.69,548779.0,1260258800.0
2026-08-07 11:00,0.0,7903.05,7898.77,7898.92,606696.0,1575389248.0
2026-08-07 11:01,0.0,7902.87,7897.53,7901.04,488780.0,1417129936.0
2026-08-07 11:02,0.0,7900.52,7891.27,7891.27,531341.0,1720410560.0
2026-08-07 11:03,0.0,7898.14,7890.5,7898.14,695274.0,1707174704.0
2026-08-07 11:04,0.0,7900.3,7896.24,7900.3,634398.0,1478806512.0
2026-08-07 11:05,0.0,7910.06,7900.56,7908.92,459839.0,1264555440.0
2026-08-07 11:06,0.0,7915.55,7909.03,7910.29,454455.0,1198859376.0
2026-08-07 11:07,0.0,7910.51,7900.13,7901.25,398264.0,1169000752.0
2026-08-07 11:08,0.0,7910.53,7902.15,7910.53,390612.0,1061397584.0
2026-08-07 11:09,0.0,7913.86,7910.63,7910.63,425113.0,1117995312.0
2026-08-07 11:10,0.0,7909.08,7903.79,7903.89,579425.0,1303894464.0
2026-08-07 11:11,0.0,7902.67,7897.74,7897.74,982536.0,2260625760.0
2026-08-07 11:12,0.0,7898.19,7892.38,7894.79,1308203.0,2704350000.0
2026-08-07 11:13,0.0,7901.91,7893.36,7901.91,870563.0,2061012624.0
2026-08-07 11:14,0.0,7901.22,7897.69,7897.69,938791.0,2036130912.0
2026-08-07 11:15,0.0,7904.47,7893.54,7904.38,771909.0,1932181328.0
2026-08-07 11:16,0.0,7912.01,7904.73,7907.96,632930.0,1499284096.0
2026-08-07 11:17,0.0,7908.48,7897.13,7899.39,581482.0,1407971152.0
2026-08-07 11:18,0.0,7900.39,7896.0,7900.26,453569.0,1049548352.0
2026-08-07 11:19,0.0,7901.77,7895.66,7896.07,627833.0,1343999728.0
2026-08-07 11:20,0.0,7896.03,7893.17,7894.12,646728.0,1412433360.0
2026-08-07 11:21,0.0,7895.85,7892.34,7895.85,1014249.0,1963747056.0
2026-08-07 11:22,0.0,7896.83,7890.8,7890.94,1097053.0,1867356720.0
2026-08-07 11:23,0.0,7902.33,7890.82,7902.33,864917.0,1715286016.0
2026-08-07 11:24,0.0,7906.15,7902.65,7903.49,999665.0,1518683904.0
2026-08-07 11:25,0.0,7913.81,7903.67,7913.81,581883.0,1183181008.0
2026-08-07 11:26,0.0,7917.58,7911.19,7911.19,711216.0,1431588496.0
2026-08-07 11:27,0.0,7916.84,7912.11,7916.75,754549.0,1231877792.0
2026-08-07 11:28,0.0,7923.54,7915.53,7923.54,511310.0,1104031472.0
2026-08-07 11:29,0.0,7928.26,7923.45,7924.44,424812.0,1050131328.0
2026-08-07 11:30,0.0,7924.18,7918.61,7919.52,427184.0,1022234896.0
2026-08-07 13:01,0.0,7925.07,7919.96,7924.68,1690666.0,3826542368.0
2026-08-07 13:02,0.0,7930.29,7923.71,7930.04,743406.0,1905594352.0
2026-08-07 13:03,0.0,7940.41,7929.9,7939.83,612483.0,1834923472.0
2026-08-07 13:04,0.0,7944.65,7940.03,7943.18,566469.0,1590193104.0
2026-08-07 13:05,0.0,7944.25,7936.37,7936.47,616065.0,1733681808.0
2026-08-07 13:06,0.0,7940.86,7936.3,7940.86,569846.0,1590113360.0
2026-08-07 13:07,0.0,7945.58,7940.1,7945.49,552257.0,1623260048.0
2026-08-07 13:08,0.0,7947.08,7939.24,7939.44,653235.0,1604562016.0
2026-08-07 13:09,0.0,7941.09,7937.33,7938.76,518548.0,1500777392.0
2026-08-07 13:10,0.0,7941.38,7936.45,7937.42,459069.0,1293436272.0
2026-08-07 13:11,0.0,7944.06,7937.23,7944.06,481241.0,1372404656.0
2026-08-07 13:12,0.0,7955.49,7944.0,7952.06,605944.0,2116888976.0
2026-08-07 13:13,0.0,7951.26,7945.78,7945.78,507513.0,1613592160.0
2026-08-07 13:14,0.0,7944.94,7941.65,7941.97,564629.0,1513233632.0
2026-08-07 13:15,0.0,7941.29,7937.71,7941.29,634635.0,1528953168.0
2026-08-07 13:16,0.0,7942.28,7936.9,7939.63,690343.0,1783835984.0
2026-08-07 13:17,0.0,7946.18,7938.6,7942.61,555014.0,1573446272.0
2026-08-07 13:18,0.0,7951.99,7943.13,7951.99,562195.0,1535993760.0
2026-08-07 13:19,0.0,7952.62,7946.72,7950.28,578184.0,1468835488.0
2026-08-07 13:20,0.0,7950.74,7946.95,7948.74,529246.0,1411257008.0
2026-08-07 13:21,0.0,7955.49,7947.0,7955.49,515477.0,1438374272.0
2026-08-07 13:22,0.0,7962.82,7955.73,7962.82,571827.0,1662079312.0
2026-08-07 13:23,0.0,7964.08,7957.67,7957.67,516997.0,1636529152.0
2026-08-07 13:24,0.0,7960.42,7956.37,7958.84,450239.0,1303017872.0
2026-08-07 13:25,0.0,7960.7,7954.29,7960.7,487606.0,1487809456.0
2026-08-07 13:26,0.0,7964.46,7960.43,7964.46,526508.0,1411509712.0
2026-08-07 13:27,0.0,7966.2,7964.05,7964.27,528577.0,1544401104.0
2026-08-07 13:28,0.0,7966.35,7963.07,7966.2,467749.0,1366302240.0
2026-08-07 13:29,0.0,7967.94,7966.09,7966.74,424638.0,1365818912.0
2026-08-07 13:30,0.0,7971.5,7966.93,7970.61,491603.0,1416378560.0
2026-08-07 13:31,0.0,7974.92,7970.46,7974.92,616455.0,1791942096.0
2026-08-07 13:32,0.0,7976.14,7970.88,7971.02,622815.0,1739715424.0
2026-08-07 13:33,0.0,7971.25,7965.82,7969.46,443951.0,1304929120.0
2026-08-07 13:34,0.0,7971.49,7968.48,7971.49,433258.0,1157022272.0
2026-08-07 13:35,0.0,7977.57,7973.78,7976.22,559923.0,1529973984.0
2026-08-07 13:36,0.0,7976.1,7970.27,7973.95,545936.0,1481431680.0
2026-08-07 13:37,0.0,7978.87,7973.91,7978.49,539544.0,1124328272.0
2026-08-07 13:38,0.0,7978.62,7975.88,7975.89,424325.0,1158834048.0
2026-08-07 13:39,0.0,7976.17,7968.24,7968.24,559127.0,1578527600.0
2026-08-07 13:40,0.0,7971.21,7967.56,7971.21,561467.0,1446227200.0
2026-08-07 13:41,0.0,7976.72,7972.17,7976.72,524274.0,1414448704.0
2026-08-07 13:42,0.0,7978.09,7974.73,7974.73,445302.0,1216838544.0
2026-08-07 13:43,0.0,7974.94,7971.3,7971.98,479273.0,1188520032.0
2026-08-07 13:44,0.0,7972.03,7968.27,7968.58,510896.0,1219640208.0
2026-08-07 13:45,0.0,7974.04,7967.49,7973.98,410640.0,1135199600.0
2026-08-07 13:46,0.0,7976.69,7973.6,7975.98,439925.0,1146957328.0
2026-08-07 13:47,0.0,7980.04,7976.17,7978.22,654037.0,1284829296.0
2026-08-07 13:48,0.0,7978.25,7974.81,7975.77,566481.0,1145733664.0
2026-08-07 13:49,0.0,7977.91,7975.16,7977.91,419261.0,1017113136.0
2026-08-07 13:50,0.0,7978.46,7977.86,7978.46,401281.0,986770496.0
2026-08-07 13:51,0.0,7983.09,7977.9,7983.09,530009.0,1245577664.0
2026-08-07 13:52,0.0,7983.17,7979.91,7980.54,517348.0,1374323024.0
2026-08-07 13:53,0.0,7980.09,7967.03,7967.03,813785.0,1683553632.0
2026-08-07 13:54,0.0,7966.64,7957.12,7958.86,673554.0,1785375872.0
2026-08-07 13:55,0.0,7963.45,7959.01,7963.45,541786.0,1423232688.0
2026-08-07 13:56,0.0,7965.17,7958.61,7958.61,421644.0,1227684864.0
2026-08-07 13:57,0.0,7969.52,7958.45,7969.52,474584.0,1353625760.0
2026-08-07 13:58,0.0,7971.14,7968.72,7969.3,400170.0,1168374384.0
2026-08-07 13:59,0.0,7968.53,7959.09,7959.09,482710.0,1374314096.0
2026-08-07 14:00,0.0,7958.17,7950.36,7950.36,504485.0,1453643600.0
2026-08-07 14:01,0.0,7952.64,7947.36,7947.36,754339.0,1952608864.0
2026-08-07 14:02,0.0,7948.44,7946.02,7946.18,684152.0,1727564896.0
2026-08-07 14:03,0.0,7950.43,7945.15,7949.17,473003.0,1423077888.0
2026-08-07 14:04,0.0,7949.05,7937.38,7937.38,583080.0,2039119424.0
2026-08-07 14:05,0.0,7949.1,7936.49,7949.1,560431.0,2152564576.0
2026-08-07 14:06,0.0,7954.64,7948.73,7954.64,472996.0,1370948304.0
2026-08-07 14:07,0.0,7961.91,7953.26,7961.91,451451.0,1298649616.0
2026-08-07 14:08,0.0,7964.3,7962.2,7964.3,487280.0,1295032736.0
2026-08-07 14:09,0.0,7966.38,7964.21,7964.65,403026.0,1091449024.0
2026-08-07 14:10,0.0,7965.84,7963.42,7963.86,387406.0,1050459904.0
2026-08-07 14:11,0.0,7970.06,7963.81,7966.62,426007.0,1318363040.0
2026-08-07 14:12,0.0,7966.12,7955.3,7955.3,492404.0,1186356256.0
2026-08-07 14:13,0.0,7957.12,7954.47,7957.12,357731.0,975657104.0
2026-08-07 14:14,0.0,7957.36,7951.74,7951.74,447017.0,1181604864.0
2026-08-07 14:15,0.0,7952.0,7946.14,7946.14,512908.0,1393660464.0
2026-08-07 14:16,0.0,7945.99,7943.51,7944.6,510140.0,1659423664.0
2026-08-07 14:17,0.0,7944.6,7934.62,7934.62,615678.0,1865506688.0
2026-08-07 14:18,0.0,7933.92,7928.58,7928.58,595145.0,1994387808.0
2026-08-07 14:19,0.0,7940.43,7928.68,7940.43,507751.0,1904658688.0
2026-08-07 14:20,0.0,7942.51,7940.28,7940.67,492157.0,1403324608.0
2026-08-07 14:21,0.0,7940.66,7931.99,7932.63,532730.0,1563030816.0
2026-08-07 14:22,0.0,7934.83,7931.94,7931.94,395449.0,1339259088.0
2026-08-07 14:23,0.0,7931.59,7930.09,7931.47,413264.0,1380140352.0
2026-08-07 14:24,0.0,7936.26,7931.13,7936.18,467839.0,1422404432.0
2026-08-07 14:25,0.0,7937.59,7931.7,7931.7,479561.0,1329120560.0
2026-08-07 14:26,0.0,7931.95,7925.68,7927.0,479720.0,1522335168.0
2026-08-07 14:27,0.0,7926.89,7923.84,7923.88,441889.0,1365274304.0
2026-08-07 14:28,0.0,7924.06,7917.67,7917.73,538281.0,1766266720.0
2026-08-07 14:29,0.0,7926.87,7917.3,7926.87,601534.0,1830973024.0
2026-08-07 14:30,0.0,7938.06,7926.85,7938.06,579886.0,1396853536.0
2026-08-07 14:31,0.0,7943.29,7938.19,7942.68,652411.0,1649764304.0
2026-08-07 14:32,0.0,7942.79,7937.24,7942.33,525272.0,1484288048.0
2026-08-07 14:33,0.0,7949.53,7942.51,7949.53,475442.0,1383146480.0
2026-08-07 14:34,0.0,7955.1,7948.46,7953.38,525874.0,1350797312.0
2026-08-07 14:35,0.0,7958.87,7954.34,7957.48,528944.0,1439114576.0
2026-08-07 14:36,0.0,7959.87,7957.44,7958.4,538962.0,1254980640.0
2026-08-07 14:37,0.0,7959.57,7953.82,7953.82,595029.0,1619157568.0
2026-08-07 14:38,0.0,7960.35,7953.78,7960.35,526119.0,1355952768.0
2026-08-07 14:39,0.0,7961.39,7958.17,7960.17,576426.0,1290472176.0
2026-08-07 14:40,0.0,7960.3,7956.38,7958.39,558727.0,1257195952.0
2026-08-07 14:41,0.0,7963.13,7958.51,7962.97,570457.0,1506076128.0
2026-08-07 14:42,0.0,7967.88,7963.03,7967.88,541706.0,1410073872.0
2026-08-07 14:43,0.0,7968.5,7966.37,7968.5,559612.0,1434168304.0
2026-08-07 14:44,0.0,7969.26,7968.13,7969.05,655316.0,1709708960.0
2026-08-07 14:45,0.0,7973.61,7969.12,7973.61,729013.0,1812505232.0
2026-08-07 14:46,0.0,7974.56,7972.76,7973.7,826655.0,2185517728.0
2026-08-07 14:47,0.0,7976.71,7973.81,7974.89,894692.0,2012369600.0
2026-08-07 14:48,0.0,7976.2,7973.97,7975.92,1161837.0,2085161904.0
2026-08-07 14:49,0.0,7976.52,7975.19,7975.44,934642.0,2064711216.0
2026-08-07 14:50,0.0,7975.07,7970.02,7970.02,964695.0,2251715152.0
2026-08-07 14:51,0.0,7971.81,7968.71,7971.27,1041510.0,2327782368.0
2026-08-07 14:52,0.0,7974.99,7970.42,7974.99,982878.0,2538562960.0
2026-08-07 14:53,0.0,7977.06,7974.91,7977.06,1099638.0,2445978336.0
2026-08-07 14:54,0.0,7977.08,7976.2,7976.61,1253815.0,2588853584.0
2026-08-07 14:55,0.0,7977.78,7976.19,7977.1,1220532.0,2801542480.0
2026-08-07 14:56,0.0,7978.08,7976.78,7977.1,1425946.0,3068995072.0
2026-08-07 14:57,0.0,7978.77,7975.98,7978.77,1743094.0,3600507712.0
2026-08-07 14:58,0.0,7979.47,7978.89,7979.47,102971.0,216992942.0
2026-08-07 14:59,0.0,7979.47,7979.47,7979.47,0.0,0.0
2026-08-07 15:00,0.0,7980.12,7979.45,7980.12,2305834.0,4773251328.0
2026-08-10 09:30,8003.92,8003.92,8003.92,8003.92,1630523.0,4282224384.0
